Ordre;Priorite;Operateur;Nom station dans Electra;Ville;Code postal;Adresse;Latitude;Longitude;Identifiant station Electra;EVSE a verifier;Puissances kW identifiees;Grilles tarifaires presentes;Tarifs candidats non attribues;Type de divergence;Cause blocage;Capture a fournir
1;P1;Electra;Pessac - Hôtel Ibis;Pessac;33600;8 avenue Antoine Becquerel;44.788733;-0.645267;04a04882-7e07-40b2-bf67-3f757548054d;FR*ELC*EWX4S|FR*ELC*EZ6SU|FR*ELC*EPMBF|FR*ELC*EX2JQ;22|400;2;"0.39|0.49|0.61 EUR/kWh; annexes: CONGESTION_TIME:0|CONGESTION_TIME:24";energy+ancillary+restriction;multiple_known_powers_without_tariff_mapping;"Dans l’app Electra, ouvrir cette station et chaque puissance/borne; relever prix au kWh, frais annexes, horaire, offre/profil et capture montrant l’identifiant de borne. Ne pas se fier au prix global de la station."
2;P1;Electra;Marseille - Sofitel Vieux Port;Marseille;13007;36 boulevard Charles Livon;43.292332;5.361028;5338d58c-c8be-4719-964e-cab7f61438e4;FR*ELC*EW22S|FR*ELC*EX73R|FR*ELC*EF769|FR*ELC*EYT3Z;22|200;2;"0.39|0.49|0.61 EUR/kWh; annexes: CONGESTION_TIME:0|CONGESTION_TIME:24";energy+ancillary+restriction;multiple_known_powers_without_tariff_mapping;"Dans l’app Electra, ouvrir cette station et chaque puissance/borne; relever prix au kWh, frais annexes, horaire, offre/profil et capture montrant l’identifiant de borne. Ne pas se fier au prix global de la station."
3;P1;Electra;Bourg-lès-Valence - Sure Hotel by Best Western;Bourg-lès-Valence;26500;Route de Châteauneuf;44.960494;4.889871;62fa7adb-7346-43af-8239-2b878a56f702;FR*ELC*EXQ9Y|FR*ELC*EQJB6|FR*ELC*EJHMS;22|300;2;"0.39|0.49 EUR/kWh; annexes: CONGESTION_TIME:0|CONGESTION_TIME:24";energy+ancillary+restriction;multiple_known_powers_without_tariff_mapping;"Dans l’app Electra, ouvrir cette station et chaque puissance/borne; relever prix au kWh, frais annexes, horaire, offre/profil et capture montrant l’identifiant de borne. Ne pas se fier au prix global de la station."
4;P1;Electra;Hyères - Hôtel Ibis Plage;Hyères;83400;Allée de la Mer;43.057557;6.147748;8edc278c-bf91-4f7b-a803-a8d83e0926b7;FR*ELC*EC5L9|FR*ELC*ESTX5|FR*ELC*EADT4|FR*ELC*ENDHU;22|50;2;"0.39|0.49 EUR/kWh; annexes: CONGESTION_TIME:0|CONGESTION_TIME:24";energy+ancillary+restriction;multiple_known_powers_without_tariff_mapping;"Dans l’app Electra, ouvrir cette station et chaque puissance/borne; relever prix au kWh, frais annexes, horaire, offre/profil et capture montrant l’identifiant de borne. Ne pas se fier au prix global de la station."
5;P1;Electra;Brive-la-Gaillarde - Hôtel Campanile;Brive-la-Gaillarde;19100;Rue Général Pierre Pouyade;45.146041;1.474908;0002e9d8-f710-4116-bebb-c948cc387634;FR*ELC*EWDAY|FR*ELC*ED8KN|FR*ELC*E64FY|FR*ELC*EWW2T|FR*ELC*EGH29;22|300;2;"0.39|0.49 EUR/kWh; annexes: CONGESTION_TIME:0|CONGESTION_TIME:24";energy+ancillary+restriction;multiple_known_powers_without_tariff_mapping;"Dans l’app Electra, ouvrir cette station et chaque puissance/borne; relever prix au kWh, frais annexes, horaire, offre/profil et capture montrant l’identifiant de borne. Ne pas se fier au prix global de la station."
6;P1;Powerdot;Intermarché - Jarville-la-Malgrange;Jarville-la-Malgrange;54140;113 Rue de la République, 54140 Jarville-la-M;48.669182;6.208285;01df2390-d20f-4199-9b15-b2b6c95c94c3;FR*PD1*EITM*JLM*EKO60*1|FR*PD1*EITM*JLM*EKO60*3|FR*PD1*EITM*JLM*EKO60*2;22|50|60;2;"0.49|0.62 EUR/kWh; annexes:";energy;multiple_known_powers_without_tariff_mapping;"Dans l’app Electra, ouvrir cette station et chaque puissance/borne; relever prix au kWh, frais annexes, horaire, offre/profil et capture montrant l’identifiant de borne. Ne pas se fier au prix global de la station."
7;P1;Powerdot;Flash Lavage - Tarbes;Tarbes;65000;12 Bd du Maréchal Juin, 65000 Tarbes, France;43.236847;0.05556;01dfd775-ee9d-4c00-b00f-6037e165f585;FR*PD1*EFLS*TRB*BB10001*1|FR*PD1*EFLS*TRB*ALFD2201*2|FR*PD1*EFLS*TRB*BB10001*2|FR*PD1*EFLS*TRB*ALFD2201*1;22|100;2;"0.49|0.62 EUR/kWh; annexes:";energy;multiple_known_powers_without_tariff_mapping;"Dans l’app Electra, ouvrir cette station et chaque puissance/borne; relever prix au kWh, frais annexes, horaire, offre/profil et capture montrant l’identifiant de borne. Ne pas se fier au prix global de la station."
8;P1;DRIVECO;DRIVECO - Campanile - Saint-Quentin;Saint-Quentin;02100;Rue Charles Naudin;49.855046;3.260646;428364b3-2b55-4f1f-802b-819b9af0403a;FR*DRV*EHQTW1|FR*DRV*EAKTW1|FR*DRV*EFGJL1|FR*DRV*EAKTW2;22.1|200;2;"0.44|0.59 EUR/kWh; annexes: PARKING_TIME:0|PARKING_TIME:12|PARKING_TIME:18";energy+ancillary;multiple_known_powers_without_tariff_mapping;"Dans l’app Electra, ouvrir cette station et chaque puissance/borne; relever prix au kWh, frais annexes, horaire, offre/profil et capture montrant l’identifiant de borne. Ne pas se fier au prix global de la station."
9;P1;Freshmile;Albi, Jardinerie Tarnaise Fonlabour;Albi;81000;Route De Toulouse;43.916563;2.093209;0a05897d-13f9-44ee-a64e-5d4ec1422239;FR*FR1*EDSQT*1|FR*FR1*EDSQT*2|FR*FR1*EPVTD*1;22|25|50;3;"0.46|0.5|0.55 EUR/kWh; annexes: PARKING_TIME:6|TIME:6";energy+ancillary+restriction;multiple_known_powers_without_tariff_mapping;"Dans l’app Electra, ouvrir cette station et chaque puissance/borne; relever prix au kWh, frais annexes, horaire, offre/profil et capture montrant l’identifiant de borne. Ne pas se fier au prix global de la station."
10;P1;Izivia;CAMPING CHADOTEL - La Dune des sables - LES SABLES D'OLONNE;Les Sables-d'Olonne;85100;Route de la Cabaude Camping La Dune des Sable;46.500203;-1.792458;0d40577a-b3f4-4533-beab-c69d25e130e0;FR*OTH*EOTHR*135*2*1|FR*OTH*EOTHR*135*1*1;3.7;2;"0.3 EUR/kWh; annexes: FLAT:0|PARKING_TIME:0|PARKING_TIME:2|TIME:0|TIME:2|FLAT:1";energy+ancillary+restriction;single_known_power_without_tariff_mapping;"Dans l’app Electra, ouvrir cette station et chaque puissance/borne; relever prix au kWh, frais annexes, horaire, offre/profil et capture montrant l’identifiant de borne. Ne pas se fier au prix global de la station."
11;P1;TotalEnergies;La Plagne - Parking épicerie bibliothèque de Bellentre;La Plagne Tarentaise;73210;12 Grande Rue;45.569904;6.71473;137e6395-b5a0-4832-987b-84a22331b3aa;FR*TCB*ELP73210*3*1*2|FR*TCB*ELP73210*3*2*1|FR*TCB*ELP73210*3*1*1|FR*TCB*ELP73210*3*2*2;22|100;3;"0.48|0.54|0.66 EUR/kWh; annexes: PARKING_TIME:2.45|TIME:2.45|PARKING_TIME:18|TIME:18|PARKING_TIME:2.4|TIME:2.4";energy+ancillary+restriction;multiple_known_powers_without_tariff_mapping;"Dans l’app Electra, ouvrir cette station et chaque puissance/borne; relever prix au kWh, frais annexes, horaire, offre/profil et capture montrant l’identifiant de borne. Ne pas se fier au prix global de la station."
12;P1;Mobive;MOBIVE | SAINT-TROJAN-LES-BAINS | Rue des Pêcheurs;Saint-Trojan-les-Bains;17370;4 Rue des Pêcheurs;45.844284;-1.209274;015d1f84-fbc4-48b6-9cdb-39b43a2eb7fc;FR*MBI*EV*CAYJ3|FR*MBI*EV*CAYJ2;36;2;"0.4|0.5 EUR/kWh; annexes: PARKING_TIME:6|TIME:6|PARKING_TIME:7.2|TIME:7.2";energy+ancillary+restriction;single_known_power_without_tariff_mapping;"Dans l’app Electra, ouvrir cette station et chaque puissance/borne; relever prix au kWh, frais annexes, horaire, offre/profil et capture montrant l’identifiant de borne. Ne pas se fier au prix global de la station."
13;P2;Electra;Salon-de-Provence - King Jouet;Salon-de-Provence;13300;531 rue des Canesteu;43.6335;5.09151;05de1a6a-61cf-49a0-a495-6abcef23f2bf;FR*ELC*ETDNL|FR*ELC*EQKQY|FR*ELC*E6GJN|FR*ELC*EBEQS|FR*ELC*EATES;22|150;2;"0.39|0.49|0.61 EUR/kWh; annexes: CONGESTION_TIME:0|CONGESTION_TIME:24";energy+ancillary+restriction;multiple_known_powers_without_tariff_mapping;"Dans l’app Electra, ouvrir cette station et chaque puissance/borne; relever prix au kWh, frais annexes, horaire, offre/profil et capture montrant l’identifiant de borne. Ne pas se fier au prix global de la station."
14;P2;Electra;Nantes - Intermarché Eraudière;Nantes;44300;173 route de Saint-Joseph;47.245482;-1.534666;085aaf1c-2b99-484b-aa0b-3f1aa1b1f285;FR*ELC*EG6CT|FR*ELC*EUA62|FR*ELC*EVZE3|FR*ELC*EGA88|FR*ELC*EUEEP;22|150;2;"0.39|0.49|0.61 EUR/kWh; annexes: CONGESTION_TIME:0|CONGESTION_TIME:24";energy+ancillary+restriction;multiple_known_powers_without_tariff_mapping;"Dans l’app Electra, ouvrir cette station et chaque puissance/borne; relever prix au kWh, frais annexes, horaire, offre/profil et capture montrant l’identifiant de borne. Ne pas se fier au prix global de la station."
15;P2;Powerdot;Optical Center - Brive-la-Gaillarde;Brive-la-Gaillarde;19100;33 Av. Jean Charles Rivet, 19100 Brive-la-Gai;45.149848;1.495683;030072b1-e665-493f-8919-e48db74097ee;FR*PD1*ESCI*OBG*KPC5001*3|FR*PD1*ESCI*OBG*KPC5001*2|FR*PD1*ESCI*OBG*KPC5001*1;22|50;2;"0.49|0.62 EUR/kWh; annexes:";energy;multiple_known_powers_without_tariff_mapping;"Dans l’app Electra, ouvrir cette station et chaque puissance/borne; relever prix au kWh, frais annexes, horaire, offre/profil et capture montrant l’identifiant de borne. Ne pas se fier au prix global de la station."
16;P2;DRIVECO;DRIVECO - King Jouet - Châlons-en-Champagne;Châlons-en-Champagne;51000;1 rue Augustin Fresnel;48.94105;4.397579;bbd8f92e-6b4b-43eb-87fc-fbba36607d65;FR*DRV*ECEQX1|FR*DRV*ECEQX2|FR*DRV*EBKMX1|FR*DRV*EFJQY1;22.1|200;2;"0.44|0.59 EUR/kWh; annexes: PARKING_TIME:0|PARKING_TIME:12|PARKING_TIME:18";energy+ancillary;multiple_known_powers_without_tariff_mapping;"Dans l’app Electra, ouvrir cette station et chaque puissance/borne; relever prix au kWh, frais annexes, horaire, offre/profil et capture montrant l’identifiant de borne. Ne pas se fier au prix global de la station."
17;P2;DRIVECO;DRIVECO - La Bourdonnais - La Mézière;La Mézière;35520;La Bourdonnais;48.195236;-1.731793;eb61318d-144d-4a9c-a8f1-ec38f84a29e5;FR*DRV*EABNT2|FR*DRV*EABNT1|FR*DRV*EEJWZ2|FR*DRV*EEJWZ1;22.1|200;2;"0.44|0.59 EUR/kWh; annexes: PARKING_TIME:0|PARKING_TIME:12|PARKING_TIME:18";energy+ancillary;multiple_known_powers_without_tariff_mapping;"Dans l’app Electra, ouvrir cette station et chaque puissance/borne; relever prix au kWh, frais annexes, horaire, offre/profil et capture montrant l’identifiant de borne. Ne pas se fier au prix global de la station."
18;P2;Freshmile;Metz, Avenue de Strasbourg;Metz;57070;315 Avenue De Strasbourg;49.095444;6.220438;0bd06ff3-4797-4a28-9c2e-0db60193e2f3;FR*FR1*EQXCK*2|FR*FR1*EQXCK*3|FR*FR1*EQXCK*1;22|120;2;"0.28|0.29|0.49 EUR/kWh; annexes: PARKING_TIME:9.6|TIME:1.74|PARKING_TIME:12";energy+ancillary+restriction;multiple_known_powers_without_tariff_mapping;"Dans l’app Electra, ouvrir cette station et chaque puissance/borne; relever prix au kWh, frais annexes, horaire, offre/profil et capture montrant l’identifiant de borne. Ne pas se fier au prix global de la station."
19;P2;Izivia;IZIVIA MAX BUFFALO GRILL REIMS;Reims;51100;1 Rue Adolphe Laberte;49.28517;4.025195;17274cd3-ba32-4e35-8a77-c38372502c7f;FR*ILF*ELFRE*15*2*2|FR*ILF*ELFRE*15*2*1|FR*ILF*ELFRE*15*1*1;22|150;2;"0.35|0.52 EUR/kWh; annexes: PARKING_TIME:23.99|PARKING_TIME:5";energy+ancillary+restriction;multiple_known_powers_without_tariff_mapping;"Dans l’app Electra, ouvrir cette station et chaque puissance/borne; relever prix au kWh, frais annexes, horaire, offre/profil et capture montrant l’identifiant de borne. Ne pas se fier au prix global de la station."
20;P2;TotalEnergies;5 Rue du Général Koenig;Compiègne;60200;5 Rue du Général Koenig;49.406761;2.81073;39a9b928-0b23-4e94-90bb-0257f4191461;FR*TCB*E012778|FR*TCB*E012779|FR*TCB*E012780;22|100;3;"0.49|0.59|0.65 EUR/kWh; annexes: PARKING_TIME:4.2|PARKING_TIME:30|TIME:30|PARKING_TIME:12";energy+ancillary+restriction;multiple_known_powers_without_tariff_mapping;"Dans l’app Electra, ouvrir cette station et chaque puissance/borne; relever prix au kWh, frais annexes, horaire, offre/profil et capture montrant l’identifiant de borne. Ne pas se fier au prix global de la station."
21;P2;Mobive;MOBIVE | Matha | Place du Château d'Eau;Matha;17160;3 Place du Château d'Eau;45.869989;-0.31735;0239d660-6a06-4f7b-95d5-69dbddd0f378;FR*MBI*EV*ALCQ3|FR*MBI*EV*ALCQ1|FR*MBI*EV*ALCQ2;36;2;"0.4|0.5 EUR/kWh; annexes: PARKING_TIME:6|TIME:6|PARKING_TIME:7.2|TIME:7.2";energy+ancillary+restriction;single_known_power_without_tariff_mapping;"Dans l’app Electra, ouvrir cette station et chaque puissance/borne; relever prix au kWh, frais annexes, horaire, offre/profil et capture montrant l’identifiant de borne. Ne pas se fier au prix global de la station."
22;P2;Greenflux;WiiiZ - Les Adrets de l'Estérel, Parking Eglise;Les Adrets de l'Estérel;83600;Chemin de la Fontaine;43.526559;6.837823;0018aa11-3306-4388-ae02-093de358c9f4;FR*WIZ*EUILM*3|FR*WIZ*EUILM*2|FR*WIZ*EUILM*1;22|50;2;"0.37 EUR/kWh; annexes: PARKING_TIME:0.36|PARKING_TIME:3.7|TIME:0.36|TIME:3.7|PARKING_TIME:14.98";energy+ancillary+restriction;multiple_known_powers_without_tariff_mapping;"Dans l’app Electra, ouvrir cette station et chaque puissance/borne; relever prix au kWh, frais annexes, horaire, offre/profil et capture montrant l’identifiant de borne. Ne pas se fier au prix global de la station."
23;P2;Greenflux;WiiiZ - Valbonne, Route des Dolines;Valbonne;06560;Route des Dolines 1755;43.623628;7.044712;14d94cca-688c-4cf5-b976-3ecb5f5ce537;FR*WIZ*EJZMO*1|FR*WIZ*EJZMO*3|FR*WIZ*EJZMO*2;22|50;2;"0.37 EUR/kWh; annexes: PARKING_TIME:0.36|PARKING_TIME:3.7|TIME:0.36|TIME:3.7|PARKING_TIME:14.98";energy+ancillary+restriction;multiple_known_powers_without_tariff_mapping;"Dans l’app Electra, ouvrir cette station et chaque puissance/borne; relever prix au kWh, frais annexes, horaire, offre/profil et capture montrant l’identifiant de borne. Ne pas se fier au prix global de la station."
24;P2;Révéo;11 - VILLESPY - Route de Carlipa;Villespy;11170;D126;43.31853;2.098191;07e03b14-3070-4e2f-b3f2-a4b2535679e1;FR*RVE*EFR*S11*E11439*001*2*1|FR*RVE*EFR*S11*E11439*001*3*1|FR*RVE*EFR*S11*E11439*001*1*1;22|53;2;"0.4|0.55 EUR/kWh; annexes: PARKING_TIME:7.2|TIME:7.2|PARKING_TIME:0|TIME:0";energy+ancillary+restriction;multiple_known_powers_without_tariff_mapping;"Dans l’app Electra, ouvrir cette station et chaque puissance/borne; relever prix au kWh, frais annexes, horaire, offre/profil et capture montrant l’identifiant de borne. Ne pas se fier au prix global de la station."
25;P2;Révéo;11 - VERZEILLE - 3Allée de la Condamine;Verzeille;11250;Allée de la Condamine;43.124328;2.323262;124c9160-55bc-443d-b7d3-b607a4c1c4b0;FR*RVE*EFR*S11*E11408*001*1*1|FR*RVE*EFR*S11*E11408*001*2*1|FR*RVE*EFR*S11*E11408*001*3*1;22|53;2;"0.4|0.55 EUR/kWh; annexes: PARKING_TIME:7.2|TIME:7.2|PARKING_TIME:0|TIME:0";energy+ancillary+restriction;multiple_known_powers_without_tariff_mapping;"Dans l’app Electra, ouvrir cette station et chaque puissance/borne; relever prix au kWh, frais annexes, horaire, offre/profil et capture montrant l’identifiant de borne. Ne pas se fier au prix global de la station."
26;P2;E-Totem;e-Totem - OYONNAX Chirac;Oyonnax;01100;138 Rue Anatole France;46.256817;5.655125;380deb57-b8ab-4df7-8d89-6e28c102b0ff;FR*ETI*E01283*E*1*1|FR*ETI*E01283*E*1*2;22|25;2;"0.39|0.49 EUR/kWh; annexes: PARKING_TIME:12|PARKING_TIME:6";energy+ancillary;multiple_known_powers_without_tariff_mapping;"Dans l’app Electra, ouvrir cette station et chaque puissance/borne; relever prix au kWh, frais annexes, horaire, offre/profil et capture montrant l’identifiant de borne. Ne pas se fier au prix global de la station."
27;P2;E-Totem;e-Totem - Au pont tournant de Bierne;Bierne;59380;30 Route de Bergues;50.970509;2.422704;4a1efbc6-7e07-4e5f-9cd8-684b2b29c193;FR*ETI*E59082*A*1*3|FR*ETI*E59082*A*1*1|FR*ETI*E59082*A*1*2;22|100;2;"0.39|0.49 EUR/kWh; annexes: PARKING_TIME:12|PARKING_TIME:6";energy+ancillary;multiple_known_powers_without_tariff_mapping;"Dans l’app Electra, ouvrir cette station et chaque puissance/borne; relever prix au kWh, frais annexes, horaire, offre/profil et capture montrant l’identifiant de borne. Ne pas se fier au prix global de la station."
28;P2;Carrefour;Carrefour Energies by Allego - Lesparre;Lesparre;33340;1 Avenue Mendès France;45.310383;-0.939568;01d1eba1-f0ba-421f-9241-a667872847c0;FRALLEGO9000112|FRALLEGO9006951|FRALLEGO9006952|FRALLEGO9006401|FRALLEGO9000111|FRALLEGO9006402;22|150;2;"0.36|0.49 EUR/kWh; annexes: PARKING_TIME:3|PARKING_TIME:14.9";energy+ancillary+restriction;multiple_known_powers_without_tariff_mapping;"Dans l’app Electra, ouvrir cette station et chaque puissance/borne; relever prix au kWh, frais annexes, horaire, offre/profil et capture montrant l’identifiant de borne. Ne pas se fier au prix global de la station."
