locationId,stationName,city,postalCode,connectors,evses,publish,category,accessReason,hints,externalAccessStatus,externalSourceUpdated,parkingRestrictions,directions,physicalVisitorEvidence,operatorDeclaresPublic,directPAYGVerified
GBCPIL6919865,FNC NQH EVC 1,Bristol,BS1 4BA,2,2,True,priority_review_restricted_access,Explicit words indicating potentially restricted physical entry; not a confirmed exclusion,controlled_parking,,,,en Private Car Park,,True,False
GBCPIL7408345,ENGLISH LAKES LANCASTER 02,Bailrigg,LA1 4GJ,4,4,True,priority_review_site_conditions,"Operator declares public, but premises may have visitor or parking conditions",hotel_or_hospitality,,,,en charger 1,,True,False
GBCPIL7324735,EVIELIFE POWDERMILLS 1,Battle,TN33 0SP,2,2,True,priority_review_site_conditions,"Operator declares public, but premises may have visitor or parking conditions",hotel_or_hospitality,,,,,,True,False
GBCPIL7324635,EVIELIFE POWDERMILLS 2,Battle,TN33 0SP,2,2,True,priority_review_site_conditions,"Operator declares public, but premises may have visitor or parking conditions",hotel_or_hospitality,,,,,,True,False
GBCPIL7036575,EVIELIFE BLUEBELLHOTEL 1,Belford,NE70 7NE,2,2,True,priority_review_site_conditions,"Operator declares public, but premises may have visitor or parking conditions",hotel_or_hospitality,,,,,,True,False
GBCPIL6982855,EVIELIFE SEEVIC 2,Benfleet,SS7 1TA,4,4,True,priority_review_site_conditions,"Operator declares public, but premises may have visitor or parking conditions",education_or_campus,,,,,,True,False
GBCPIL2872695,DIAMOND OFFICE 1,Birmingham,B37 7YE,4,4,True,priority_review_site_conditions,"Operator declares public, but premises may have visitor or parking conditions",business_or_office,,,,en Diamond Facilities Support Office ,,True,False
GBCPIL7351735,EVIELIFE GARNER HOTEL,Birmingham,B27 6DX,2,2,True,priority_review_site_conditions,"Operator declares public, but premises may have visitor or parking conditions",hotel_or_hospitality,,,,,,True,False
GBCPIL6996415,EV OTM WATERSIDE 4,Blackburn,BB1 2FA,6,6,True,priority_review_site_conditions,"Operator declares public, but premises may have visitor or parking conditions",business_or_office,,,,en Rear of main building,,True,False
GBCPIL6996465,EV OTM WATERSIDE 5,Blackburn,BB1 2FA,6,5,True,priority_review_site_conditions,"Operator declares public, but premises may have visitor or parking conditions",business_or_office,,,,en Rear of main building,,True,False
GBCPIL7175505,ZOLBEV PARKVILLE HOTEL,Blantyre,G72 9DG,2,2,True,priority_review_site_conditions,"Operator declares public, but premises may have visitor or parking conditions",hotel_or_hospitality,,,,,,True,False
GBCPIL7007945,EVIELIFE HOTEL MIRAMAR,Bournemouth,BH1 3AL,2,2,True,priority_review_site_conditions,"Operator declares public, but premises may have visitor or parking conditions",hotel_or_hospitality,,,,,,True,False
GBCPIL7380135,BRISTOL AIRPORT COBUS K2,Bristol,BS48 3DJ,2,2,True,priority_review_site_conditions,"Operator declares public, but premises may have visitor or parking conditions",special_venue,,,,,,True,False
GBCPIL7270045,BRISTOL AIRPORT DELIVERY YARD 1,Bristol,BS48 3DY,2,2,True,priority_review_site_conditions,"Operator declares public, but premises may have visitor or parking conditions",special_venue,,,,"en Fleet,Staff and Contractors Only",,True,False
GBCPIL7269625,BRISTOL AIRPORT FIRESTATION 1,Bristol,BS48 3DY,2,2,True,priority_review_site_conditions,"Operator declares public, but premises may have visitor or parking conditions",special_venue,,,,en Fleet and BRS Staff use Only,,True,False
GBCPIL7268305,BRISTOL AIRPORT LULSGATE HSE 01,Bristol,BS48 3DW,4,4,True,priority_review_site_conditions,"Operator declares public, but premises may have visitor or parking conditions",special_venue,,,,"en -Charger for Fleet,Staff and visitors Only",,True,False
GBCPIL7379125,BRISTOL AIRPORT MSCP 2 1,Bristol,Bs48,2,2,True,priority_review_site_conditions,"Operator declares public, but premises may have visitor or parking conditions",special_venue,,,,"en Parking within MSCP 2, parking charges apply",,True,False
GBCPIL7379275,BRISTOL AIRPORT MSCP 2 4,Bristol,Ubs48,12,12,True,priority_review_site_conditions,"Operator declares public, but premises may have visitor or parking conditions",special_venue,,,,"en Parking within MSCP 2, parking charges apply",,True,False
GBCPIL7379175,BRISTOL AIRPORT MSCP 2 5,Bristol,Bs48,6,6,True,priority_review_site_conditions,"Operator declares public, but premises may have visitor or parking conditions",special_venue,,,,"en Parking within MSCP 2, parking charges apply",,True,False
GBCPIL7379785,BRISTOL AIRPORT SILVER ZONE,Bristol,BS48 3DY,2,2,True,priority_review_site_conditions,"Operator declares public, but premises may have visitor or parking conditions",special_venue,,,,,,True,False
GBCPIL7411055,EVIELIFE VICTORIA SQUARE,Bristol,BS8 4EW,2,2,True,priority_review_site_conditions,"Operator declares public, but premises may have visitor or parking conditions",hotel_or_hospitality,,,,,,True,False
GBCPIL7415205,HH-EVC CELTIC ROYAL 1,Caernarfon,LL55 1AY,4,4,True,priority_review_site_conditions,"Operator declares public, but premises may have visitor or parking conditions",hotel_or_hospitality,,,,,,True,False
GBCPIL6532865,G BLOCK ATRIUM 2,Cardiff,CF24 2FN,4,4,True,priority_review_site_conditions,"Operator declares public, but premises may have visitor or parking conditions",education_or_campus,,,,,,True,False
GBCPIL6480925,G BLOCK ATRIUM3,Cardiff,CF24 2FN,2,2,True,priority_review_site_conditions,"Operator declares public, but premises may have visitor or parking conditions",education_or_campus,,,,en Rear carpark ,,True,False
GBCPIL6493055,CARDEN PARK RIGHT SIDE,Chester,CH3 9DQ,2,2,True,priority_review_site_conditions,"Operator declares public, but premises may have visitor or parking conditions",hotel_or_hospitality,,,,en Located in car aprk 5 to the rear of the hotel,,True,False
GBCPIL7430095,HH-EVC CHICHESTER,Chichester,PO19 1NH,2,2,True,priority_review_site_conditions,"Operator declares public, but premises may have visitor or parking conditions",hotel_or_hospitality,,,,en charger 1,,True,False
GBCPIL7301775,EVIELIFE CAPTAINS CLUB 1,Christchurch,BH23 1HU,2,2,True,priority_review_site_conditions,"Operator declares public, but premises may have visitor or parking conditions",hotel_or_hospitality,,,,,,True,False
GBCPIL7402475,EVIELIFE RAU 1,Cirencester,GL7 6JS,2,2,True,priority_review_site_conditions,"Operator declares public, but premises may have visitor or parking conditions",education_or_campus,,,,,,True,False
GBCPIL7387065,EVIELIFE CREWE ARMS DC,Crewe,CW2 6DN,4,4,True,priority_review_site_conditions,"Operator declares public, but premises may have visitor or parking conditions",hotel_or_hospitality,,,,,,True,False
GBCPIL7390305,SBR1 CHARGER 1,Croydon,CR0 4TD,2,2,True,priority_review_site_conditions,"Operator declares public, but premises may have visitor or parking conditions",business_or_office,,,,en NA,,True,False
GBCPIL7053525,EVIELIFE NATIONALHOTEL01,Dingwall,IV15 9HL,2,2,True,priority_review_site_conditions,"Operator declares public, but premises may have visitor or parking conditions",hotel_or_hospitality,,,,,,True,False
GBCPIL7134445,INTERESTING H. IXORA 03,Dolgarrog,LL32 8QE,2,2,True,priority_review_site_conditions,"Operator declares public, but premises may have visitor or parking conditions",hotel_or_hospitality,,,,,,True,False
GBCPIL7134455,INTERESTING H. IXORA 04,Dolgarrog,LL32 8QE,6,6,True,priority_review_site_conditions,"Operator declares public, but premises may have visitor or parking conditions",hotel_or_hospitality,,,,,,True,False
GBCPIL7307525,LOCH NESS INN EV 1,Drumnadrochit,IV63 6UW,2,2,True,priority_review_site_conditions,"Operator declares public, but premises may have visitor or parking conditions",hotel_or_hospitality,,,,,,True,False
GBCPIL7381995,APEX HOTELS CHARGER 04,Dunblane,FK15 0HG,8,8,True,priority_review_site_conditions,"Operator declares public, but premises may have visitor or parking conditions",hotel_or_hospitality,,,,,,True,False
GBCPIL7176205,APEX HOTELS APEX CITY QUAY3,Dundee,DD1 3JP,6,6,True,priority_review_site_conditions,"Operator declares public, but premises may have visitor or parking conditions",hotel_or_hospitality,,,,,,True,False
GBCPIL6782305,SEGRO AREAS CAMBRIDGE EST 3,Enfield,EN1 1SH,4,4,True,priority_review_site_conditions,"Operator declares public, but premises may have visitor or parking conditions",business_or_office,,,,,,True,False
GBCPIL6782315,SEGRO AREAS CAMBRIDGE EST 4,Enfield,EN1 1SH,2,2,True,priority_review_site_conditions,"Operator declares public, but premises may have visitor or parking conditions",business_or_office,,,,,,True,False
GBCPIL6905375,INTERESTING H. SUDBURY HOUSE,Faringdon,SN7 8AA,2,2,True,priority_review_site_conditions,"Operator declares public, but premises may have visitor or parking conditions",hotel_or_hospitality,,,,en Entrance to Hotel,,True,False
GBCPIL7406975,EVIELIFE FARRINGTON INN,Farrington Gurney,BS39 6TG,2,2,True,priority_review_site_conditions,"Operator declares public, but premises may have visitor or parking conditions",hotel_or_hospitality,,,,,,True,False
GBCPIL7337735,DMR HOTEL DRAYTON HOTEL 2,Fazeley,B78 3TW,4,4,True,priority_review_site_conditions,"Operator declares public, but premises may have visitor or parking conditions",hotel_or_hospitality,,,,en Charger 3,,True,False
GBCPIL7421505,HH-EVC GUILDFORD 1,Guildford,GU1 3DA,4,4,True,priority_review_site_conditions,"Operator declares public, but premises may have visitor or parking conditions",hotel_or_hospitality,,,,,,True,False
GBCPIL6910485,INTERESTING H. THE SWAN @ HAY,Hay-on-Wye,HR3 5DQ,2,2,True,priority_review_site_conditions,"Operator declares public, but premises may have visitor or parking conditions",hotel_or_hospitality,,,,,,True,False
GBCPIL7301875,SELWOOD STAFFORD EV 03,Hixon,ST18 0QB,2,2,True,priority_review_site_conditions,"Operator declares public, but premises may have visitor or parking conditions",business_or_office,,,,,,True,False
GBCPIL7125495,INTERESTING H. RIVERSIDE 2,Kendal,LA9,2,2,True,priority_review_site_conditions,"Operator declares public, but premises may have visitor or parking conditions",hotel_or_hospitality,,,,,,True,False
GBCPIL6948875,HULL UNIVERSITY STATION 12,Kingston upon Hull,HU6 7RX,4,4,True,priority_review_site_conditions,"Operator declares public, but premises may have visitor or parking conditions",education_or_campus,,,,,,True,False
GBCPIL6774035,HULL UNIVERSITY STATION 3,Kingston upon Hull,HU6 7RX,8,8,True,priority_review_site_conditions,"Operator declares public, but premises may have visitor or parking conditions",education_or_campus,,,,,,True,False
GBCPIL6822655,HULL UNIVERSITY STATION 5,Kingston upon Hull,HU6 7TQ,2,2,True,priority_review_site_conditions,"Operator declares public, but premises may have visitor or parking conditions",education_or_campus,,,,,,True,False
GBCPIL6806985,HULL UNIVERSITY STATION 8,Kingston upon Hull,HU6 7RX,10,10,True,priority_review_site_conditions,"Operator declares public, but premises may have visitor or parking conditions",education_or_campus,,,,,,True,False
GBCPIL7424685,EVIELIFE NEW FOREST 01,Landford,SP5 2ED,2,2,True,priority_review_site_conditions,"Operator declares public, but premises may have visitor or parking conditions",hotel_or_hospitality,,,,,,True,False
GBCPIL6623115,BEAVERBROOK BEAVERBROOK 2,Leatherhead,KT22 8QX,4,4,True,priority_review_site_conditions,"Operator declares public, but premises may have visitor or parking conditions",hotel_or_hospitality,,,,en Beside valet cabin,,True,False
GBCPIL7302605,THE NEW INN NEW INN 1,Lechlade,GL7 3AB,2,2,True,priority_review_site_conditions,"Operator declares public, but premises may have visitor or parking conditions",hotel_or_hospitality,,,,,,True,False
GBCPIL7000775,EVIELIFE CASTLE HOTEL,Lincoln,LN1 3AS,2,2,True,priority_review_site_conditions,"Operator declares public, but premises may have visitor or parking conditions",hotel_or_hospitality,,,,,,True,False
GBCPIL6589365,HINNEX STALBANS HI EXPRESS 1,London Colney,AL2 1AB,2,2,True,priority_review_site_conditions,"Operator declares public, but premises may have visitor or parking conditions",hotel_or_hospitality,,,,en Near front entrance ,,True,False
GBCPIL7132625,EVOLVE HQ STATION 1,Lytham,FY8 5FT,2,2,True,priority_review_site_conditions,"Operator declares public, but premises may have visitor or parking conditions",business_or_office,,,,,,True,False
GBCPIL7087755,GOLDINGS CG1 01,Maidstone,ME14 1ST,4,4,True,priority_review_site_conditions,"Operator declares public, but premises may have visitor or parking conditions",business_or_office,,,,en For use by office staff and visitors only,,True,False
GBCPIL7394035,EVIELIFE BARN HOTEL 2,Marston,NG32 2HT,4,4,True,priority_review_site_conditions,"Operator declares public, but premises may have visitor or parking conditions",hotel_or_hospitality,,,,,,True,False
GBCPIL7216385,MARYPORT MARINA STATION 01,Maryport,CA15 8AY,4,4,True,priority_review_site_conditions,"Operator declares public, but premises may have visitor or parking conditions",special_venue,,,,,,True,False
GBCPIL7416435,EVIELIFE CALIFORNIA INN,Modbury,PL21 0SG,2,2,True,priority_review_site_conditions,"Operator declares public, but premises may have visitor or parking conditions",hotel_or_hospitality,,,,,,True,False
GBCPIL6998415,EVIELIFE PORTH BEACH,Newquay,TR7 3NB,2,2,True,priority_review_site_conditions,"Operator declares public, but premises may have visitor or parking conditions",hotel_or_hospitality,,,,en Charger is at the rear of the building,,True,False
GBCPIL7315475,EVIELIFE MILL END 1,Newton Abbot,TQ13 8JN,2,2,True,priority_review_site_conditions,"Operator declares public, but premises may have visitor or parking conditions",hotel_or_hospitality,,,,en In Front car park,,True,False
GBCPIL7389075,WATERSIDE OSMINGTON CPK1,Osmington,DT3 6HB,2,2,True,priority_review_site_conditions,"Operator declares public, but premises may have visitor or parking conditions",hotel_or_hospitality,,,,en Osmington - Guest Parking,,True,False
GBCPIL6932505,HBH OXFORD GUEST EVC2,Oxford,OX4 4XP,4,4,True,priority_review_site_conditions,"Operator declares public, but premises may have visitor or parking conditions",hotel_or_hospitality,,,,en Rear car park. Overstay fee applies,,True,False
GBCPIL7382335,APEX HOTELS PINE TREES 2,Pitlochry,PH16 5QR,4,4,True,priority_review_site_conditions,"Operator declares public, but premises may have visitor or parking conditions",hotel_or_hospitality,,,,,,True,False
GBCPIL2890105,G BLOCK G BLOCK,Pontypridd,CF37 1DL,2,2,True,priority_review_site_conditions,"Operator declares public, but premises may have visitor or parking conditions",education_or_campus,,,,en Carpark south of canteen building ,,True,False
GBCPIL6480945,G BLOCK SPORTS PARK1,Pontypridd,CF37 5UP,2,2,True,priority_review_site_conditions,"Operator declares public, but premises may have visitor or parking conditions",education_or_campus,,,,en Lower carpark ,,True,False
GBCPIL6520395,G BLOCK UPPER GLYNTAFF3,Pontypridd,CF37 4BB,1,1,True,priority_review_site_conditions,"Operator declares public, but premises may have visitor or parking conditions",education_or_campus,,,,,,True,False
GBCPIL7244525,EVIELIFE MICHELANGELO 01,Ryton,NE21,2,2,True,priority_review_site_conditions,"Operator declares public, but premises may have visitor or parking conditions",hotel_or_hospitality,,,,,,True,False
GBCPIL7416555,EVIELIFE SPA HOTEL,Saltburn,TS12 1HH,2,2,True,priority_review_site_conditions,"Operator declares public, but premises may have visitor or parking conditions",hotel_or_hospitality,,,,,,True,False
GBCPIL7369685,EVIELIFE MARINE HOTEL,Seaton Carew,TS25 1BS,2,2,True,priority_review_site_conditions,"Operator declares public, but premises may have visitor or parking conditions",hotel_or_hospitality,,,,,,True,False
GBCPIL7273275,EVIELIFE LOFTSOME BRIDGE,Selby,YO8 6EN,2,2,True,priority_review_site_conditions,"Operator declares public, but premises may have visitor or parking conditions",hotel_or_hospitality,,,,,,True,False
GBCPIL7369515,NIRVANA SPA WCR SPA RECEPTION,Sindlesham,RG41 5DJ,2,2,True,priority_review_site_conditions,"Operator declares public, but premises may have visitor or parking conditions",hotel_or_hospitality,,,,,,True,False
GBCPIL6575855,APCOA SOUTHAMPTON 2,Southampton,SO18 2XU,2,2,True,priority_review_site_conditions,"Operator declares public, but premises may have visitor or parking conditions",special_venue,,,,,,True,False
GBCPIL7237505,EVIELIFE THE NATTERJACK,Southwood,BA4 6LX,2,2,True,priority_review_site_conditions,"Operator declares public, but premises may have visitor or parking conditions",hotel_or_hospitality,,,,,,True,False
GBCPIL6510845,M&G KILDEAN 1,Stirling,FK9 4UA,2,2,True,priority_review_site_conditions,"Operator declares public, but premises may have visitor or parking conditions",business_or_office,,,,en Near main entrance ,,True,False
GBCPIL6632975,M&G KILDEAN 15,Stirling,FK9 4UA,24,24,True,priority_review_site_conditions,"Operator declares public, but premises may have visitor or parking conditions",business_or_office,,,,en 4th parking row from main entrance ,,True,False
GBCPIL7426275,EVIELIFE GROSVENOR HOTEL,Stratford-upon-Avon,CV37 6YW,2,2,True,priority_review_site_conditions,"Operator declares public, but premises may have visitor or parking conditions",hotel_or_hospitality,,,,en Charger 1,,True,False
GBCPIL7082735,EVIELIFE STRATTON HOUSE,Stratton,GL7 2LE,2,2,True,priority_review_site_conditions,"Operator declares public, but premises may have visitor or parking conditions",hotel_or_hospitality,,,,,,True,False
GBCPIL7272035,EVIELIFE STAR INN,Stroud,GL6 6AE,2,2,True,priority_review_site_conditions,"Operator declares public, but premises may have visitor or parking conditions",hotel_or_hospitality,,,,,,True,False
GBCPIL7391505,EVIELIFE HADLEY PARK,Telford,TF1 6QJ,2,2,True,priority_review_site_conditions,"Operator declares public, but premises may have visitor or parking conditions",hotel_or_hospitality,,,,,,True,False
GBCPIL7215305,EVIELIFE HEYWOOD SPA 01,Tenby,SA70 8DA,2,2,True,priority_review_site_conditions,"Operator declares public, but premises may have visitor or parking conditions",hotel_or_hospitality,,,,,,True,False
GBCPIL6983985,CP NETWORK UK CP6K HQ 01,Theale,RG7 4SW,2,2,True,priority_review_site_conditions,"Operator declares public, but premises may have visitor or parking conditions",business_or_office,,,,,,True,False
GBCPIL6476245,CP NETWORK UK CP6K HQ 02,Theale,RG7 4SW,7,5,True,priority_review_site_conditions,"Operator declares public, but premises may have visitor or parking conditions",business_or_office,,,,en null,,True,False
GBCPIL6742355,CP NETWORK UK CP6K HQ 05,Theale,RG7 4SW,2,2,True,priority_review_site_conditions,"Operator declares public, but premises may have visitor or parking conditions",business_or_office,,,,,,True,False
GBCPIL7433515,EVIELIFE LIVERMEAD HOUSE,Torquay,TQ2 6QJ,2,2,True,priority_review_site_conditions,"Operator declares public, but premises may have visitor or parking conditions",hotel_or_hospitality,,,,,,True,False
GBCPIL7387175,EVIELIFE TOR PARK HOTEL,Torquay,TQ2 5BW,2,2,True,priority_review_site_conditions,"Operator declares public, but premises may have visitor or parking conditions",hotel_or_hospitality,,,,,,True,False
GBCPIL7014685,WARE CAMPUS HARRIS LN 3,Ware,SG12 0DP,6,6,True,priority_review_site_conditions,"Operator declares public, but premises may have visitor or parking conditions",education_or_campus,,,,en GSK,,True,False
GBCPIL7014645,WARE CAMPUS HARRIS LN 4,Ware,SG12 0DP,10,10,True,priority_review_site_conditions,"Operator declares public, but premises may have visitor or parking conditions",education_or_campus,,,,en GSK,,True,False
GBCPIL6905985,WARE CAMPUS STATION 06,Ware,SG12 0DE,1,1,True,priority_review_site_conditions,"Operator declares public, but premises may have visitor or parking conditions",education_or_campus,,,,,,True,False
GBCPIL6822395,WARE CAMPUS STATION 11,Ware,SG12 0DE,11,11,True,priority_review_site_conditions,"Operator declares public, but premises may have visitor or parking conditions",education_or_campus,,,,en Single socket charger,,True,False
GBCPIL7168785,WARE CAMPUS STATION 13,Ware,SG12 0DE,2,2,True,priority_review_site_conditions,"Operator declares public, but premises may have visitor or parking conditions",education_or_campus,,,,,,True,False
GBCPIL6719965,WARE CAMPUS STATION 2,Ware,SG12 0DE,8,8,True,priority_review_site_conditions,"Operator declares public, but premises may have visitor or parking conditions",education_or_campus,,,,,,True,False
GBCPIL7412005,ROSSLYN SOUTHERN CROSS,Watford,WD17 4QG,2,2,True,priority_review_site_conditions,"Operator declares public, but premises may have visitor or parking conditions",hotel_or_hospitality,,,,en Located in front car park of Everest Southern Cross  Pub,,True,False
GBCPIL6928905,ETB DEPOT 54 - 01,Westbury,BA13 4JS,2,2,True,priority_review_site_conditions,"Operator declares public, but premises may have visitor or parking conditions",business_or_office,,,,en Charger is at Side of Building,,True,False
GBCPIL7369775,WATERSIDE BOWLEAZE - CPK2,Weymouth,DT3 6PP,4,4,True,priority_review_site_conditions,"Operator declares public, but premises may have visitor or parking conditions",hotel_or_hospitality,,,,en Bowleaze - Guest Parking 2,,True,False
GBCPIL7409685,ENGLISH LAKES LOW WOOD MARINA,Windemere,LA23 1LP,2,2,True,priority_review_site_conditions,"Operator declares public, but premises may have visitor or parking conditions",special_venue,,,,,,True,False
GBCPIL7362325,EVIELIFE WOLFCASTLE 1,pembroke,SA62 5LZ,2,2,True,priority_review_site_conditions,"Operator declares public, but premises may have visitor or parking conditions",hotel_or_hospitality,,,,,,True,False
GBCPIL7417005,EVIELIFE DARUL SCHOOL 1,preston,PR1 6AS,2,2,True,priority_review_site_conditions,"Operator declares public, but premises may have visitor or parking conditions",education_or_campus,,,,,,True,False
GBCPIL7379715,HH-EVC BEACH CLUB 1,salcombe,TQ8 8LJ,4,4,True,priority_review_site_conditions,"Operator declares public, but premises may have visitor or parking conditions",hotel_or_hospitality,,,,,,True,False
GBCPIL7358195,EVIELIFE RUTLAND HOTEL,sheffeild,S10 2PY,2,2,True,priority_review_site_conditions,"Operator declares public, but premises may have visitor or parking conditions",hotel_or_hospitality,,,,,,True,False
GBCPIL6528035,PEAK ACTIVITY 1,Audley,ST7 8DH,2,2,True,public_pcpr_declared,Public PCPR location; no explicit private-access evidence in available fields,,,,,,,True,False
GBCPIL6516505,TIL TRAMWAY TILSTONE-1,Banbury,OX16 5TU,2,2,True,public_pcpr_declared,Public PCPR location; no explicit private-access evidence in available fields,,,,,,,True,False
GBCPIL6822415,BCOT STATION 01,Basingstoke,RG21 8TN,2,2,True,public_pcpr_declared,Public PCPR location; no explicit private-access evidence in available fields,,,,,,,True,False
GBCPIL6514315,AIR CORE EV HILLVIEW,Belfast,BT14 7EJ,2,2,True,public_pcpr_declared,Public PCPR location; no explicit private-access evidence in available fields,,,,,,,True,False
GBCPIL6496345,VALUE CAR PARKS 627 628,Belfast,BT12 4GN,8,8,True,public_pcpr_declared,Public PCPR location; no explicit private-access evidence in available fields,,,,,en On level 6 charinging station 1,,True,False
GBCPIL6669125,M&DS CHARGERS LOCHVIEW 1,Bellshill,ML1 3RT,8,8,True,public_pcpr_declared,Public PCPR location; no explicit private-access evidence in available fields,,,,,,,True,False
GBCPIL6669105,M&DS CHARGERS LOCHVIEW 5,Bellshill,ML1 3RT,8,8,True,public_pcpr_declared,Public PCPR location; no explicit private-access evidence in available fields,,,,,,,True,False
GBCPIL6678565,BHHHC_CP1 BH HOCKEY CLUB,Berkhamsted,HP23 5RF,2,2,True,public_pcpr_declared,Public PCPR location; no explicit private-access evidence in available fields,,,,,en Near front entrance,,True,False
GBCPIL7420785,FRAMEWORK FRAMEWORK,Berkhamsted,HP4 1EH,2,2,True,public_pcpr_declared,Public PCPR location; no explicit private-access evidence in available fields,,,,,en Wall mounted charger - own cable required,,True,False
GBCPIL6774525,BV STATION 01,Bicester,OX26 6WD,2,2,True,public_pcpr_declared,Public PCPR location; no explicit private-access evidence in available fields,,,,,,,True,False
GBCPIL6774565,BV STATION 05,Bicester,OX26 6WD,8,8,True,public_pcpr_declared,Public PCPR location; no explicit private-access evidence in available fields,,,,,,,True,False
GBCPIL6782025,BV STATION 07,Bicester,OX26 6WD,4,4,True,public_pcpr_declared,Public PCPR location; no explicit private-access evidence in available fields,,,,,,,True,False
GBCPIL6777225,BV STATION 08,Bicester,OX26 6WD,6,6,True,public_pcpr_declared,Public PCPR location; no explicit private-access evidence in available fields,,,,,,,True,False
GBCPIL6782115,BV STATION 11,Bicester,OX26 6WD,4,4,True,public_pcpr_declared,Public PCPR location; no explicit private-access evidence in available fields,,,,,en Ground floor multi storey,,True,False
GBCPIL6620335,MCMULLEN KINGS REACH 1,Biggleswade,SG18 0EL,4,4,True,public_pcpr_declared,Public PCPR location; no explicit private-access evidence in available fields,,,,,,,True,False
GBCPIL6944505,SEGRO AREAS UNIT 3 EV1,Biggleswade,SG18 8NH,2,2,True,public_pcpr_declared,Public PCPR location; no explicit private-access evidence in available fields,,,,,,,True,False
GBCPIL6776845,NETV NETV-BILL-01,Billingham,TS23 4EX,2,2,True,public_pcpr_declared,Public PCPR location; no explicit private-access evidence in available fields,,,,,,,True,False
GBCPIL6776815,NETV NETV-BILL-02,Billingham,TS23 4EX,2,2,True,public_pcpr_declared,Public PCPR location; no explicit private-access evidence in available fields,,,,,,,True,False
GBCPIL6700665,MERSEYSIDE BIDSTON 2,Birkenhead,CH41 1EB,4,4,True,public_pcpr_declared,Public PCPR location; no explicit private-access evidence in available fields,,,,,en Tethered ,,True,False
GBCPIL7419785,EVIELIFE BLABY WESTFIELD,Blaby,LE8 4GD,2,2,True,public_pcpr_declared,Public PCPR location; no explicit private-access evidence in available fields,,,,,,,True,False
GBCPIL6809385,NETV NETV-BLAY-01,Blaydon,NE215ST,2,2,True,public_pcpr_declared,Public PCPR location; no explicit private-access evidence in available fields,,,,,,,True,False
GBCPIL6808525,NETV NETV-BLAY-02,Blaydon,NE215ST,2,2,True,public_pcpr_declared,Public PCPR location; no explicit private-access evidence in available fields,,,,,,,True,False
GBCPIL7287685,ACE OF HEARTS GARAGE EV1,Bold Heath,WA8 3XN,2,2,True,public_pcpr_declared,Public PCPR location; no explicit private-access evidence in available fields,,,,,,,True,False
GBCPIL6780615,STAGS RETAIL STAGS 1,Bolton,BL3 4LU,4,4,True,public_pcpr_declared,Public PCPR location; no explicit private-access evidence in available fields,,,,,,,True,False
GBCPIL6927325,SKY UK LIMITED STATION B13,Borehamwood,Wd61fx,2,2,True,public_pcpr_declared,Public PCPR location; no explicit private-access evidence in available fields,,,,,,,True,False
GBCPIL6654605,DCCA STATION 1,Botley,OX2 9DG,2,2,True,public_pcpr_declared,Public PCPR location; no explicit private-access evidence in available fields,,,,,en Front Entrance Spaces,,True,False
GBCPIL6726775,OAS STATION 5,Bracknell,RG12 1WA,10,10,True,public_pcpr_declared,Public PCPR location; no explicit private-access evidence in available fields,,,,,en EV parking bays - rear entrance,,True,False
GBCPIL2865545,SERVICE STN BASILDON PETROL,Brentwood,CM13 3EN,2,2,True,public_pcpr_declared,Public PCPR location; no explicit private-access evidence in available fields,,,,,,,True,False
GBCPIL6734075,REAR CAR PARK BRISTOL 01,Bristol,BS2 8RH,2,2,True,public_pcpr_declared,Public PCPR location; no explicit private-access evidence in available fields,,,,,,,True,False
GBCPIL6499145,MACROW CRANSLEY AC STATION 1,Broughton,NN14 1EG,2,2,True,public_multi_source_declared,PCPR published + independently sourced public-access label; no onsite gate verification,,FreePublic,2026-09-29T14:10:14Z,,,,True,False
GBCPIL6501525,MACROW CRANSLEY DC STATION 1,Broughton,NN14 1EG,2,1,True,public_pcpr_declared,Public PCPR location; no explicit private-access evidence in available fields,,,,,,,True,False
GBCPIL7356255,FP MCCANN LTD STRETTON 01,Burton upon Trent,DE13 0BN,2,2,True,public_pcpr_declared,Public PCPR location; no explicit private-access evidence in available fields,,,,,,,True,False
GBCPIL6612885,LSH AUTO WF - ROOF - 2,Bury,BL9 9TP,4,4,True,public_pcpr_declared,Public PCPR location; no explicit private-access evidence in available fields,,,,,en Roof car park,,True,False
GBCPIL6575695,ATRIUMEV ATRIUM EV 2,Camberley,GU15 3GG,6,6,True,public_pcpr_declared,Public PCPR location; no explicit private-access evidence in available fields,,,,,en On Level 2,,True,False
GBCPIL6582285,ATRIUMEV ATRIUM EV 5,Camberley,GU15 3GX,4,4,True,public_pcpr_declared,Public PCPR location; no explicit private-access evidence in available fields,,,,,en On Level 5,,True,False
GBCPIL6732375,CAMBRIDGE SQ CAMBRIDGE SQ 1,Cambridge,CB4 0AE,2,2,True,public_pcpr_declared,Public PCPR location; no explicit private-access evidence in available fields,,,,,,,True,False
GBCPIL6732485,CAMBRIDGE SQ CAMBRIDGE SQ 10,Cambridge,CB4 0AE,3,3,True,public_pcpr_declared,Public PCPR location; no explicit private-access evidence in available fields,,,,,en Floor 10,,True,False
GBCPIL6732505,CAMBRIDGE SQ CAMBRIDGE SQ 12,Cambridge,CB4 0AE,2,2,True,public_pcpr_declared,Public PCPR location; no explicit private-access evidence in available fields,,,,,en Floor 12,,True,False
GBCPIL6732515,CAMBRIDGE SQ CAMBRIDGE SQ 14,Cambridge,CB4 0AE,10,10,True,public_pcpr_declared,Public PCPR location; no explicit private-access evidence in available fields,,,,,en Floor 14,,True,False
GBCPIL6732575,CAMBRIDGE SQ CAMBRIDGE SQ 2,Cambridge,CB4 0AE,4,4,True,public_pcpr_declared,Public PCPR location; no explicit private-access evidence in available fields,,,,,,,True,False
GBCPIL6732405,CAMBRIDGE SQ CAMBRIDGE SQ 3,Cambridge,CB4 0AE,2,2,True,public_pcpr_declared,Public PCPR location; no explicit private-access evidence in available fields,,,,,,,True,False
GBCPIL6732425,CAMBRIDGE SQ CAMBRIDGE SQ 8,Cambridge,CB4 0AE,4,4,True,public_pcpr_declared,Public PCPR location; no explicit private-access evidence in available fields,,,,,en Floor 5,,True,False
GBCPIL7264345,EVIELIFE BLACKMORE 01,Cannington,TA5 2ND,2,2,True,public_pcpr_declared,Public PCPR location; no explicit private-access evidence in available fields,,,,,,,True,False
GBCPIL6995505,LONDON RD RP STATION 01,Carlisle,CA1 2NW,2,2,True,public_pcpr_declared,Public PCPR location; no explicit private-access evidence in available fields,,,,,,,True,False
GBCPIL6763145,NETV NETV-CARL-01,Carlisle,CA3 0EX,2,2,True,public_pcpr_declared,Public PCPR location; no explicit private-access evidence in available fields,,,,,,,True,False
GBCPIL6763175,NETV NETV-CARL-02,Carlisle,CA3 0EX,2,2,True,public_pcpr_declared,Public PCPR location; no explicit private-access evidence in available fields,,,,,,,True,False
GBCPIL7145065,ROLLS_ROYCE HANGAR 01,Castle Donington,DE74 2SA,2,2,True,public_pcpr_declared,Public PCPR location; no explicit private-access evidence in available fields,,,,,,,True,False
GBCPIL7302485,CHAGFORD PARISH EVC 1,Chagford,TQ13 8FN,4,4,True,public_pcpr_declared,Public PCPR location; no explicit private-access evidence in available fields,,,,,,,True,False
GBCPIL6675035,PARTRIDGEBMW STATION 2,Chandler's Ford,SO53 3YU,2,2,True,public_pcpr_declared,Public PCPR location; no explicit private-access evidence in available fields,,,,,en Back of workshops,,True,False
GBCPIL6676235,PARTRIDGEBMW WORKSHOP 2,Chandler's Ford,SO53 3YU,1,1,True,public_pcpr_declared,Public PCPR location; no explicit private-access evidence in available fields,,,,,,,True,False
GBCPIL6528175,THE AA CHEADLE 2,Cheadle,SK8 2BP,4,4,True,public_pcpr_declared,Public PCPR location; no explicit private-access evidence in available fields,,,,,en Please Download the ChargePoint App,,True,False
GBCPIL6493065,CARDEN PARK LEFT SIDE,Chester,CH3 9DQ,2,2,True,public_pcpr_declared,Public PCPR location; no explicit private-access evidence in available fields,,,,,,,True,False
GBCPIL6528925,LAPSTONE BARN LAPSTONE BARN 1,Chipping Campden,GL55 6ur,4,4,True,public_pcpr_declared,Public PCPR location; no explicit private-access evidence in available fields,,,,,en located in the right hand small car park,,True,False
GBCPIL7190135,LUCENT HALO LTD STATION 03,Corsham,SN13 0PZ,8,8,True,public_pcpr_declared,Public PCPR location; no explicit private-access evidence in available fields,,,,,,,True,False
GBCPIL7346515,CP QA UK KOALA ASWATHY,Coventry,CV6 4Dr,1,1,True,public_pcpr_declared,Public PCPR location; no explicit private-access evidence in available fields,,,,,,,True,False
GBCPIL6583615,COUNTY MALL COUNTY MALL 2,Crawley,RH10 1FF,2,2,True,public_pcpr_declared,Public PCPR location; no explicit private-access evidence in available fields,,,,,,,True,False
GBCPIL6583635,COUNTY MALL COUNTY MALL 3,Crawley,RH10 1FF,4,4,True,public_pcpr_declared,Public PCPR location; no explicit private-access evidence in available fields,,,,,,,True,False
GBCPIL6583645,COUNTY MALL COUNTY MALL 4,Crawley,RH10 1FD,2,2,True,public_pcpr_declared,Public PCPR location; no explicit private-access evidence in available fields,,,,,,,True,False
GBCPIL7347355,EVIELIFE CASTLECARY 1,Cumbernauld,G680HD,2,2,True,public_pcpr_declared,Public PCPR location; no explicit private-access evidence in available fields,,,,,,,True,False
GBCPIL6664225,CUMNOCK KERR_SMITH 1,Cumnock,KA18 1BJ,2,2,True,public_pcpr_declared,Public PCPR location; no explicit private-access evidence in available fields,,,,,,,True,False
GBCPIL6664245,CUMNOCK KERR_SMITH 2,Cumnock,KA18 1BJ,2,2,True,public_pcpr_declared,Public PCPR location; no explicit private-access evidence in available fields,,,,,,,True,False
GBCPIL6623495,FPE SEALS BARRINGTON 2,Darlington,DL1 4WF,4,4,True,public_pcpr_declared,Public PCPR location; no explicit private-access evidence in available fields,,,,,,,True,False
GBCPIL7379475,EVIELIFE ROWHILL GRANGE,Dartford,DA2 7QH,2,2,True,visitor_public_verified,Independently documented venue guest/visitor access,hotel_or_hospitality,,,,,https://alexanderhotels.co.uk/rowhill-grange/about-us/rg-faqs/,True,False
GBCPIL6528185,THE AA DARTFORD 1,Dartford,DA9 9AY,2,2,True,public_pcpr_declared,Public PCPR location; no explicit private-access evidence in available fields,,,,,en Please Download the ChargePoint App,,True,False
GBCPIL6990965,DENHAM GROVE STATION 02,Denham,UB9 5DG,4,4,True,public_pcpr_declared,Public PCPR location; no explicit private-access evidence in available fields,,,,,,,True,False
GBCPIL6773485,DLEV STATION 2,Derby,DE24 9HY,4,4,True,public_pcpr_declared,Public PCPR location; no explicit private-access evidence in available fields,,,,,,,True,False
GBCPIL6811885,T2 0500-02,Dordon,B78 1SG,4,4,True,public_pcpr_declared,Public PCPR location; no explicit private-access evidence in available fields,,,,,,,True,False
GBCPIL6811955,T2 0500-07,Dordon,B78 1SG,10,10,True,public_pcpr_declared,Public PCPR location; no explicit private-access evidence in available fields,,,,,,,True,False
GBCPIL6475485,DRAKE HOUSE ONE,Dursley,GL11 4HH,6,6,True,public_pcpr_declared,Public PCPR location; no explicit private-access evidence in available fields,,,,,en Side carpark ,,True,False
GBCPIL6884155,THE WAVE STATION 02,Easter Compton,BS35 5RE,4,4,True,public_pcpr_declared,Public PCPR location; no explicit private-access evidence in available fields,,,,,,,True,False
GBCPIL7207565,APEX HOTELS GRASSMARKET 01,Edinburgh,EH1 2HS,2,2,True,public_pcpr_declared,Public PCPR location; no explicit private-access evidence in available fields,,,,,,,True,False
GBCPIL7207585,APEX HOTELS GRASSMARKET 02,Edinburgh,EH1 2HS,4,4,True,public_pcpr_declared,Public PCPR location; no explicit private-access evidence in available fields,,,,,,,True,False
GBCPIL7427765,ROSSLYN BHAGEECHA,Elstree,WD6 3BE,2,2,True,public_pcpr_declared,Public PCPR location; no explicit private-access evidence in available fields,,,,,,,True,False
GBCPIL6773135,ETB EXETER 1,Exeter,EX2,2,2,True,public_pcpr_declared,Public PCPR location; no explicit private-access evidence in available fields,,,,,en Station is at Front of Building,,True,False
GBCPIL7270265,ROSSLYN EVEREST SPICE,Feltham,TW13 5AX,2,2,True,public_pcpr_declared,Public PCPR location; no explicit private-access evidence in available fields,,,,,,,True,False
GBCPIL6991515,EV OTM PLANT POPEYES,Gildersome,LS27 7FP,2,2,True,public_pcpr_declared,Public PCPR location; no explicit private-access evidence in available fields,,,,,,,True,False
GBCPIL2111895,EV1 & EV2 ST VINCENT,Glasgow,G2 5RZ,2,2,True,public_pcpr_declared,Public PCPR location; no explicit private-access evidence in available fields,,,,,,,True,False
GBCPIL7397885,SGN GLASGOW 03,Glasgow,G32 8FD,2,2,True,public_pcpr_declared,Public PCPR location; no explicit private-access evidence in available fields,,,,,,,True,False
GBCPIL7290725,EVIELIFE GRASSINGTON,Grassington,BD23 5AQ,2,2,True,public_pcpr_declared,Public PCPR location; no explicit private-access evidence in available fields,,,,,,,True,False
GBCPIL6693105,VINES GROUP GUILDFORD AC 2,Guildford,GU1 1RD,2,2,True,public_pcpr_declared,Public PCPR location; no explicit private-access evidence in available fields,,,,,,,True,False
GBCPIL7062195,EVIELIFE KENEGIE MANOR 1,Gulval,TR20 8YN,2,2,True,public_pcpr_declared,Public PCPR location; no explicit private-access evidence in available fields,,,,,,,True,False
GBCPIL7010235,CHARGIE CHARGIE STATION 01,Harehills,LS9 6EY,4,4,True,public_pcpr_declared,Public PCPR location; no explicit private-access evidence in available fields,,,,,,,True,False
GBCPIL6600605,WATER GARDENS WATER GARDENS 4,Harlow,CM20 1AR,12,12,True,public_pcpr_declared,Public PCPR location; no explicit private-access evidence in available fields,,,,,en Far end of carpark bays 174 175,,True,False
GBCPIL7391735,ROSSLYN 31 ROSSLYN 50KW,Harrow,HA1 2SA,2,2,True,public_pcpr_declared,Public PCPR location; no explicit private-access evidence in available fields,,,,,,,True,False
GBCPIL7087555,ROSSLYN ROSSLYN 25KW,Harrow,HA1 2SA,2,2,True,public_pcpr_declared,Public PCPR location; no explicit private-access evidence in available fields,,,,,,,True,False
GBCPIL6555705,NAV HOUSE NAV HOUSE PUBLI,Harwich,CO12 3EJ,2,2,True,public_pcpr_declared,Public PCPR location; no explicit private-access evidence in available fields,,,,,en Visitors parking area,,True,False
GBCPIL6716225,INTERESTING H. HELLIDON LAKES3,Hellidon,NN11 6GG,6,6,True,public_pcpr_declared,Public PCPR location; no explicit private-access evidence in available fields,,,,,en Next to tennis court,,True,False
GBCPIL6567835,HEMPSTEADVALLEY HEMPSTEAD 2,Hempstead,ME7 3PB,2,2,True,public_pcpr_declared,Public PCPR location; no explicit private-access evidence in available fields,,,,,,,True,False
GBCPIL6567705,HEMPSTEADVALLEY HEMPSTEAD 5,Hempstead,ME7 3PD,8,8,True,public_pcpr_declared,Public PCPR location; no explicit private-access evidence in available fields,,,,,en Exit from Multi story car park,,True,False
GBCPIL7118895,HENLEY VILLAGE NEWTOWN HOUSE,Henley-on-Thames,RG9 1HG,2,2,True,public_pcpr_declared,Public PCPR location; no explicit private-access evidence in available fields,,,,,,,True,False
GBCPIL7425075,CHASE NEW HOMES STATION 04,Hertford,SG14 1RL,10,10,True,public_pcpr_declared,Public PCPR location; no explicit private-access evidence in available fields,,,,,en charger 4,,True,False
GBCPIL7253455,EVIELIFE YORK HOUSE,High Hawsker,YO22 4LJ,2,2,True,public_pcpr_declared,Public PCPR location; no explicit private-access evidence in available fields,,,,,,,True,False
GBCPIL7174205,ZOLBEV HOAR CROSS S03,Hoar Cross,DE13 8QS,6,6,True,public_pcpr_declared,Public PCPR location; no explicit private-access evidence in available fields,,,,,,,True,False
GBCPIL7038225,LRE STATION 02,Honiton,EX14 3NU,4,4,True,public_pcpr_declared,Public PCPR location; no explicit private-access evidence in available fields,,,,,,,True,False
GBCPIL7106215,ZOLBEV THE NEST 01,Horsford,NR10 3AQ,4,4,True,public_pcpr_declared,Public PCPR location; no explicit private-access evidence in available fields,,,,,,,True,False
GBCPIL6779315,NETV NETV-HULL-01,Hull,HU9 5LP,2,2,True,public_pcpr_declared,Public PCPR location; no explicit private-access evidence in available fields,,,,,,,True,False
GBCPIL6779335,NETV NETV-HULL-02,Hull,HU9 5LP,2,2,True,public_pcpr_declared,Public PCPR location; no explicit private-access evidence in available fields,,,,,,,True,False
GBCPIL6812945,NETV NETV-IMMI-02,Immingham,DN40 2LJ,4,4,True,public_pcpr_declared,Public PCPR location; no explicit private-access evidence in available fields,,,,,,,True,False
GBCPIL7265065,LEGAL & GENERAL AMPTHILL RD 1,Kempston,MK42 7AZ,2,2,True,public_pcpr_declared,Public PCPR location; no explicit private-access evidence in available fields,,,,,,,True,False
GBCPIL7062135,EVPOINT SBX KETTERING,Kettering,NN14 1UD,3,2,True,public_pcpr_declared,Public PCPR location; no explicit private-access evidence in available fields,,,,,,,True,False
GBCPIL7232465,BBF HULL CHARGER 3,Kingston upon Hull,HU7 0XS,6,6,True,public_pcpr_declared,Public PCPR location; no explicit private-access evidence in available fields,,,,,,,True,False
GBCPIL7232475,BBF HULL CHARGER 4,Kingston upon Hull,HU7 0XS,2,2,True,public_pcpr_declared,Public PCPR location; no explicit private-access evidence in available fields,,,,,,,True,False
GBCPIL7411765,IBSTOCK ANSTONE WORKS 1,Kiveton Park,S26 6NP,2,2,True,public_pcpr_declared,Public PCPR location; no explicit private-access evidence in available fields,,,,,,,True,False
GBCPIL6618085,RHPA RABBIT HILL EV1,Knaresborough,HG5 0FF,2,2,True,public_pcpr_declared,Public PCPR location; no explicit private-access evidence in available fields,,,,,,,True,False
GBCPIL6852025,BEAVERBROOK MICKLEHAM DWN 2,Leatherhead,RH5 6DP,4,4,True,public_pcpr_declared,Public PCPR location; no explicit private-access evidence in available fields,,,,,en Leisure,,True,False
GBCPIL7027825,EVIELIFE OASIS LODGES 1,Ledbury,HR8 9JN,2,2,True,public_pcpr_declared,Public PCPR location; no explicit private-access evidence in available fields,,,,,en Top car park,,True,False
GBCPIL6712115,COLTON RP STATION 2,Leeds,LS15 9JB,4,4,True,public_pcpr_declared,Public PCPR location; no explicit private-access evidence in available fields,,,,,,,True,False
GBCPIL6712325,COLTON RP STATION 3,Leeds,LS15 9JB,4,4,True,public_pcpr_declared,Public PCPR location; no explicit private-access evidence in available fields,,,,,,,True,False
GBCPIL7356235,FP MCCANN LTD L BUZZ 01,Leighton Buzzard,LU7 4SD,2,2,True,public_pcpr_declared,Public PCPR location; no explicit private-access evidence in available fields,,,,,,,True,False
GBCPIL7356245,FP MCCANN LTD L BUZZ 02,Leighton Buzzard,LU7 4SD,2,2,True,public_pcpr_declared,Public PCPR location; no explicit private-access evidence in available fields,,,,,,,True,False
GBCPIL6810805,NETV NETV-LINC-01,Lincoln,LN6 3QY,2,2,True,public_pcpr_declared,Public PCPR location; no explicit private-access evidence in available fields,,,,,,,True,False
GBCPIL6771145,NETV NETV-LINC-02,Lincoln,LN6 3QY,2,2,True,public_pcpr_declared,Public PCPR location; no explicit private-access evidence in available fields,,,,,,,True,False
GBCPIL6512865,LISBURN BOWL ONE,Lisburn,BT28 1PP,8,8,True,public_pcpr_declared,Public PCPR location; no explicit private-access evidence in available fields,,,,,en At the back of Lisburn Bowl,,True,False
GBCPIL7046385,ADIENT STATION 02,Liverpool,L24 8RF,6,6,True,public_pcpr_declared,Public PCPR location; no explicit private-access evidence in available fields,,,,,en Rear of the carpark,,True,False
GBCPIL6609975,LCFA SEFTON LCFA STATION 2,Liverpool,L23 9YP,4,4,True,public_pcpr_declared,Public PCPR location; no explicit private-access evidence in available fields,,,,,,,True,False
GBCPIL6700645,MERSEYSIDE GILLMOSS 2,Liverpool,L10 5HA,4,4,True,public_pcpr_declared,Public PCPR location; no explicit private-access evidence in available fields,,,,,en Tethered,,True,False
GBCPIL7244275,BRIDGEND UK EV CHARGER 5,Llangynwyd,CF34 9RS,4,4,True,public_pcpr_declared,Public PCPR location; no explicit private-access evidence in available fields,,,,,,,True,False
GBCPIL7400375,CHISWICK PARK CHARGER 01,London,W4 5YA,2,2,True,public_pcpr_declared,Public PCPR location; no explicit private-access evidence in available fields,,,,,en Parking space 11 & 12,,True,False
GBCPIL7400355,CHISWICK PARK CHARGER 06,London,W4 5SE,10,10,True,public_pcpr_declared,Public PCPR location; no explicit private-access evidence in available fields,,,,,en Parking Space 9 & 10,,True,False
GBCPIL6715725,GARRICK RD STATION 1,London,NW9 6AA,8,8,True,public_pcpr_declared,Public PCPR location; no explicit private-access evidence in available fields,,,,,,,True,False
GBCPIL6715735,GARRICK RD STATION 5,London,NW9 6AA,2,2,True,public_pcpr_declared,Public PCPR location; no explicit private-access evidence in available fields,,,,,,,True,False
GBCPIL6494145,RD STUDIOS STATION 1,London,NW10 7NZ,6,6,True,public_pcpr_declared,Public PCPR location; no explicit private-access evidence in available fields,,,,,en Left side of carpark ,,True,False
GBCPIL6653565,SEGRO AREAS CAN TOWN 2,London,E16 4ES,4,4,True,public_pcpr_declared,Public PCPR location; no explicit private-access evidence in available fields,,,,,en End of Road carpark next to riverside,,True,False
GBCPIL6787635,SEGRO AREAS SUPERHIRE PROPS,London,NW10 7BX,2,2,True,public_pcpr_declared,Public PCPR location; no explicit private-access evidence in available fields,,,,,en Left of main entrance,,True,False
GBCPIL6995495,ZOLBEV GREEN GOAT 01,London,SW6 3NN,2,2,True,public_pcpr_declared,Public PCPR location; no explicit private-access evidence in available fields,,,,,,,True,False
GBCPIL7315615,WATERSIDE TREGOAD - SALES,Looe,PL13 1PB,1,1,True,public_pcpr_declared,Public PCPR location; no explicit private-access evidence in available fields,,,,,en Tregoad - Caravan Sales Charger,,True,False
GBCPIL7315505,WATERSIDE TREGOAD - STARG,Looe,PL13 1PB,1,1,True,public_pcpr_declared,Public PCPR location; no explicit private-access evidence in available fields,,,,,en Tregoad - Stargazy Charger,,True,False
GBCPIL6905595,ACMPARKING STATION 02,Maidenhead,SL6 4BD,4,4,True,public_pcpr_declared,Public PCPR location; no explicit private-access evidence in available fields,,,,,,,True,False
GBCPIL7140895,GOLDINGS WRENCHARGER3,Maidstone,ME15,6,6,True,nonpublic_explicit_onsite_rules,"Source location directions explicitly restrict access to residents, employees, staff or members; exclude from general-public charging",controlled_parking,,,,en Residents only,,True,False
GBCPIL6691285,REAR CAR PARK EV STATION 02,Manchester,M12,6,6,True,public_pcpr_declared,Public PCPR location; no explicit private-access evidence in available fields,,,,,,,True,False
GBCPIL7352535,REAR CAR PARK SOFTCAT MAN 2,Manchester,M3 3bg,6,6,True,public_pcpr_declared,Public PCPR location; no explicit private-access evidence in available fields,,,,,en Charger 2,,True,False
GBCPIL6497635,ROYAL LONDON 3 HARDMAN SQ,Manchester,M3 3EB,2,2,True,public_multi_source_declared,PCPR published + independently sourced public-access label; no onsite gate verification,,FreePublic,2026-09-29T14:10:15Z,,en Charger against wall opposite entrance ramp,,True,False
GBCPIL6501935,ROYAL LONDON PARKING LVL -2,Manchester,M1 4HD,2,2,True,public_multi_source_declared,PCPR published + independently sourced public-access label; no onsite gate verification,,FreePublic,2026-09-29T14:10:17Z,,en Royal London Underground Parking Garage (Not Public),,True,False
GBCPIL6946515,REAR CAR PARK STATION 05,Marlow,SL7 1LW,12,12,True,public_pcpr_declared,Public PCPR location; no explicit private-access evidence in available fields,,,,,,,True,False
GBCPIL6945825,REAR CAR PARK STATION 12,Marlow,SL7 1LW,12,12,True,public_pcpr_declared,Public PCPR location; no explicit private-access evidence in available fields,,,,,,,True,False
GBCPIL7283745,FLEX ETN GMB DEMO,Marston Green,B40 1PP,1,1,True,public_pcpr_declared,Public PCPR location; no explicit private-access evidence in available fields,,,,,en Demo purposes only,,True,False
GBCPIL6987065,MEPC MILTON PAR 25 PARK DRIVE,Milton,OX14 4SH,4,4,True,public_pcpr_declared,Public PCPR location; no explicit private-access evidence in available fields,,,,,en Rear of building 25,,True,False
GBCPIL7408435,MEPC MILTON PAR BEE HOUSE,Milton,OX14 4SB,2,1,True,public_pcpr_declared,Public PCPR location; no explicit private-access evidence in available fields,,,,,,,True,False
GBCPIL7337465,MEPC MILTON PAR MILTON PARK4,Milton,OX14 4RN,8,8,True,public_pcpr_declared,Public PCPR location; no explicit private-access evidence in available fields,,,,,,,True,False
GBCPIL6523555,USS WITAN GATE 3,Milton Keynes,MK9 1SH,2,2,True,public_pcpr_declared,Public PCPR location; no explicit private-access evidence in available fields,,,,,en Station is within the basement car park ,,True,False
GBCPIL2910435,USS WITAN GATE1,Milton Keynes,MK9 1SH,2,2,True,public_pcpr_declared,Public PCPR location; no explicit private-access evidence in available fields,,,,,en Station is within the basement car park ,,True,False
GBCPIL2910365,USS WITAN GATE2,Milton Keynes,MK9 2BQ,2,2,True,public_pcpr_declared,Public PCPR location; no explicit private-access evidence in available fields,,,,,en Station is within the basement car park ,,True,False
GBCPIL6500825,CP QA UK CPE250_EU_QA,Moffat,DG10 9LT,2,1,True,public_pcpr_declared,Public PCPR location; no explicit private-access evidence in available fields,,,,,,,True,False
GBCPIL7176445,ZOLBEV DALZIEL PARK2,Motherwell,ML1 5RZ,4,4,True,public_pcpr_declared,Public PCPR location; no explicit private-access evidence in available fields,,,,,,,True,False
GBCPIL7083575,EVIELIFE THE CLUB HOUSE,Nairn,IV12 4EY,2,2,True,public_pcpr_declared,Public PCPR location; no explicit private-access evidence in available fields,,,,,,,True,False
GBCPIL7271615,EVIELIFE LITTLE KINGS,Narberth,SA67 8PG,2,2,True,public_pcpr_declared,Public PCPR location; no explicit private-access evidence in available fields,,,,,,,True,False
GBCPIL6571815,PARKWAY SC EVC 1,Newbury,RG14 1EF,2,2,True,public_pcpr_declared,Public PCPR location; no explicit private-access evidence in available fields,,,,,en Basement level 2,,True,False
GBCPIL7408555,PARKWAY SC EVC 4,Newbury,RG14 1EF,2,2,True,public_pcpr_declared,Public PCPR location; no explicit private-access evidence in available fields,,,,,,,True,False
GBCPIL7408775,PARKWAY SC EVC 5,Newbury,RG14 1EF,6,6,True,public_pcpr_declared,Public PCPR location; no explicit private-access evidence in available fields,,,,,en Level -2,,True,False
GBCPIL6527885,THE AA NEWCASTLE 2,Newcastle upon Tyne,NE4 7YA,6,6,True,public_pcpr_declared,Public PCPR location; no explicit private-access evidence in available fields,,,,,en Please Download the ChargePoint App,,True,False
GBCPIL7265085,BILLINGSS DC 01,Northampton,NN3 9DA,2,2,True,public_pcpr_declared,Public PCPR location; no explicit private-access evidence in available fields,,,,,,,True,False
GBCPIL6509275,THE AA OLDBURY 2,Oldbury,B69 2AG,6,6,True,public_pcpr_declared,Public PCPR location; no explicit private-access evidence in available fields,,,,,en Please Download the ChargePoint App,,True,False
GBCPIL2866405,CSMLIVE-OAST STATION 1,Orpington,BR5 3QT,2,2,True,public_pcpr_declared,Public PCPR location; no explicit private-access evidence in available fields,,,,,,,True,False
GBCPIL6479515,OTFORDPC CARPARK 1,Otford,TN14 5PQ,2,2,True,public_multi_source_declared,PCPR published + independently sourced public-access label; no onsite gate verification,,FreePublic,2026-09-29T14:10:12Z,,en Carpark ,,True,False
GBCPIL7158805,OCA OCC STATION #2,Over,CB24 5NW,4,4,True,public_pcpr_declared,Public PCPR location; no explicit private-access evidence in available fields,,,,,"en Stations will work outside of stated opening hours, hours are for car park access only, so if you are in the car park when it closes charging will still continue",,True,False
GBCPIL7432385,HH-EVC PADSTOW 1,Padstow,PL28 8DB,4,4,True,public_pcpr_declared,Public PCPR location; no explicit private-access evidence in available fields,,,,,,,True,False
GBCPIL7002415,EVIELIFE DEEPINGS PARK 1,Peterborough,PE6 8LQ,2,2,True,public_pcpr_declared,Public PCPR location; no explicit private-access evidence in available fields,,,,,,,True,False
GBCPIL6942845,ZOLBEV POSH FC,Peterborough PE2 8AL,PE2 8AL,2,2,True,public_pcpr_declared,Public PCPR location; no explicit private-access evidence in available fields,,,,,,,True,False
GBCPIL6808225,BABCOCK STATION 04,Plymouth,PL2 2ED,6,6,True,public_pcpr_declared,Public PCPR location; no explicit private-access evidence in available fields,,,,,,,True,False
GBCPIL6850975,BABCOCK STATION 07,Plymouth,PL2 2ED,2,2,True,public_pcpr_declared,Public PCPR location; no explicit private-access evidence in available fields,,,,,,,True,False
GBCPIL6816375,BABCOCK STATION 11,Plymouth,PL2 2ED,6,6,True,public_pcpr_declared,Public PCPR location; no explicit private-access evidence in available fields,,,,,,,True,False
GBCPIL6816385,BABCOCK STATION 13,Plymouth,PL2 2ED,7,7,True,public_pcpr_declared,Public PCPR location; no explicit private-access evidence in available fields,,,,,,,True,False
GBCPIL6816435,BABCOCK STATION 18,Plymouth,PL2 2ED,1,1,True,public_pcpr_declared,Public PCPR location; no explicit private-access evidence in available fields,,,,,,,True,False
GBCPIL6790325,BABCOCK STATION 19,Plymouth,PL2 2ED,6,6,True,public_pcpr_declared,Public PCPR location; no explicit private-access evidence in available fields,,,,,,,True,False
GBCPIL6788015,BABCOCK STATION 24,Plymouth,PL2 2ED,7,7,True,public_pcpr_declared,Public PCPR location; no explicit private-access evidence in available fields,,,,,,,True,False
GBCPIL6790455,BABCOCK STATION 28,Plymouth,PL2 2ED,9,9,True,public_pcpr_declared,Public PCPR location; no explicit private-access evidence in available fields,,,,,,,True,False
GBCPIL6520365,G BLOCK TY CRASHAY 1,Pontypridd,CF37 1UB,2,2,True,public_pcpr_declared,Public PCPR location; no explicit private-access evidence in available fields,,,,,,,True,False
GBCPIL6520385,G BLOCK UPPER GLYNTAFF1,Pontypridd,CF37 4BB,4,4,True,public_pcpr_declared,Public PCPR location; no explicit private-access evidence in available fields,,,,,,,True,False
GBCPIL7389895,PHQ CAR PARK CHARGER 2,Portsmouth,PO1 3GW,2,2,True,public_pcpr_declared,Public PCPR location; no explicit private-access evidence in available fields,,,,,,,True,False
GBCPIL7389905,PHQ CAR PARK CHARGER 3,Portsmouth,PO1 3GW,4,4,True,public_pcpr_declared,Public PCPR location; no explicit private-access evidence in available fields,,,,,,,True,False
GBCPIL6535195,ESS RAINHAM,Rainham,RM13 8UG,2,2,True,public_pcpr_declared,Public PCPR location; no explicit private-access evidence in available fields,,,,,,,True,False
GBCPIL7168905,TYL STATION 01,Redhill,RH1 1HZ,2,2,True,public_pcpr_declared,Public PCPR location; no explicit private-access evidence in available fields,,,,,,,True,False
GBCPIL7253405,BABCOCK STATION - 01,Risley,WA3 6YD,4,4,True,public_pcpr_declared,Public PCPR location; no explicit private-access evidence in available fields,,,,,,,True,False
GBCPIL7244395,BABCOCK STATION 4,Risley,WA3 6YD,4,4,True,public_pcpr_declared,Public PCPR location; no explicit private-access evidence in available fields,,,,,,,True,False
GBCPIL6607725,ROMFORD WATERLOO ROAD 2,Romford,RM7 0SX,2,2,True,public_pcpr_declared,Public PCPR location; no explicit private-access evidence in available fields,,,,,,,True,False
GBCPIL6456795,CHADKIRK BP CHADKIRK-1,Romiley,SK6 3NE,2,2,True,public_multi_source_declared,PCPR published + independently sourced public-access label; no onsite gate verification,,FreePublic,2026-09-29T14:10:09Z,,en Near unit 24,,True,False
GBCPIL6897785,ROYSTON EMPLOYEE PHEV,Royston,SG8 5EY,2,2,True,public_pcpr_declared,Public PCPR location; no explicit private-access evidence in available fields,,,,,,,True,False
GBCPIL6475675,ROYSTON GATE 10 E250-1,Royston,SG8 5HA,4,2,True,public_pcpr_declared,Public PCPR location; no explicit private-access evidence in available fields,,,,,"en Gate 10 car park is a secure car park accessible via ANPR cameras, Royston access card or intercom",,True,False
GBCPIL7423025,HH-EVC SIDMOUTH 1,Sidmouth,EX10 8RU,2,2,True,public_pcpr_declared,Public PCPR location; no explicit private-access evidence in available fields,,,,,,,True,False
GBCPIL7423045,HH-EVC SIDMOUTH 2,Sidmouth,EX10 8RU,2,2,True,public_pcpr_declared,Public PCPR location; no explicit private-access evidence in available fields,,,,,,,True,False
GBCPIL6784365,AMRGP EXECUTIVE 8,Silverstone,NN12,2,2,True,public_pcpr_declared,Public PCPR location; no explicit private-access evidence in available fields,,,,,,,True,False
GBCPIL6779745,AMRGP STATION 6,Silverstone,NN12 8TJ,2,2,True,public_pcpr_declared,Public PCPR location; no explicit private-access evidence in available fields,,,,,,,True,False
GBCPIL6779755,AMRGP STATION 7,Silverstone,NN12 8TJ,2,2,True,public_pcpr_declared,Public PCPR location; no explicit private-access evidence in available fields,,,,,,,True,False
GBCPIL6619665,PARTRIDGEBMW PARTRIDGE 1,Southampton,SO52 9LY,2,2,True,public_pcpr_declared,Public PCPR location; no explicit private-access evidence in available fields,,,,,,,True,False
GBCPIL6908875,RABY CASTLE RABY CASTLE 6,Staindrop,DL2 3AH,12,12,True,public_pcpr_declared,Public PCPR location; no explicit private-access evidence in available fields,,,,,,,True,False
GBCPIL7022305,STANWICK LAKES AC1,Stanwick,NN9 6GY,2,2,True,public_pcpr_declared,Public PCPR location; no explicit private-access evidence in available fields,,,,,,,True,False
GBCPIL6692475,SABA LISTER 1,Stevenage,SG1 4AB,4,4,True,public_pcpr_declared,Public PCPR location; no explicit private-access evidence in available fields,,,,,,,True,False
GBCPIL7267955,M&G DRIPROAD 01,Stirling,FK8 1FT,2,2,True,public_pcpr_declared,Public PCPR location; no explicit private-access evidence in available fields,,,,,,,True,False
GBCPIL6713835,WOODCHESTER W11,Stroud,GL5 5EY,4,4,True,public_pcpr_declared,Public PCPR location; no explicit private-access evidence in available fields,,,,,,,True,False
GBCPIL6713905,WOODCHESTER W15,Stroud,GL5 5EY,8,8,True,public_pcpr_declared,Public PCPR location; no explicit private-access evidence in available fields,,,,,,,True,False
GBCPIL6714025,WOODCHESTER W17,Stroud,GL5 5HL,6,6,True,public_pcpr_declared,Public PCPR location; no explicit private-access evidence in available fields,,,,,,,True,False
GBCPIL6733245,WOODCHESTER W5,Stroud,GL5 5EY,8,8,True,public_pcpr_declared,Public PCPR location; no explicit private-access evidence in available fields,,,,,en Back Road,,True,False
GBCPIL6713715,WOODCHESTER W7,Stroud,GL5 5EY,6,6,True,public_pcpr_declared,Public PCPR location; no explicit private-access evidence in available fields,,,,,,,True,False
GBCPIL6713745,WOODCHESTER W9,Stroud,GL5 5EY,4,4,True,public_pcpr_declared,Public PCPR location; no explicit private-access evidence in available fields,,,,,,,True,False
GBCPIL6714045,WOODCHESTER WV20,Stroud,GL5 5EY,2,2,True,public_pcpr_declared,Public PCPR location; no explicit private-access evidence in available fields,,,,,,,True,False
GBCPIL7016545,MAN SWINDON DC CHARGER 1,Swindon,SN5 8YU,10,10,True,public_pcpr_declared,Public PCPR location; no explicit private-access evidence in available fields,,,,,,,True,False
GBCPIL6719085,ETB TAMWORTH,Tamworth,B77 5DE,2,2,True,public_pcpr_declared,Public PCPR location; no explicit private-access evidence in available fields,,,,,,,True,False
GBCPIL7296025,CP QA UK CP800,Theale,RG7 5AF,1,1,True,public_pcpr_declared,Public PCPR location; no explicit private-access evidence in available fields,,,,,,,True,False
GBCPIL6753535,PRAXIS ASSETS ROLAND 1,"Theale, Reading",RG7 4SA,6,6,True,public_pcpr_declared,Public PCPR location; no explicit private-access evidence in available fields,,,,,en Adjacent front entrance,,True,False
GBCPIL7378265,EVIELIFE CROFTON HOUSE,Torquay,TQ2 5TZ,4,4,True,public_pcpr_declared,Public PCPR location; no explicit private-access evidence in available fields,,,,,,,True,False
GBCPIL6976905,TORBAY TORBAY STAFF 1,Torquay,TQ2 7DG,2,2,True,public_pcpr_declared,Public PCPR location; no explicit private-access evidence in available fields,,,,,en -staff car park Kitson Hall,,True,False
GBCPIL7410595,EVIELIFE THE LION,Tredington,CV36 4NS,2,2,True,public_pcpr_declared,Public PCPR location; no explicit private-access evidence in available fields,,,,,,,True,False
GBCPIL7177135,ZOLBEV ANGELHOTEL2,Uddingston,G71,4,4,True,public_pcpr_declared,Public PCPR location; no explicit private-access evidence in available fields,,,,,en At the front of the car park,,True,False
GBCPIL7401915,EVIELIFE UPHOLLAND 1,Up Holland,WN8 0LW,2,2,True,public_pcpr_declared,Public PCPR location; no explicit private-access evidence in available fields,,,,,,,True,False
GBCPIL7036075,THE CHIMES EVC 6,Uxbridge,UB8 1GA,8,8,True,public_pcpr_declared,Public PCPR location; no explicit private-access evidence in available fields,,,,,en Level 3,,True,False
GBCPIL6453065,ATE CHARGER-01,Wardley Industrial Estate,M28 2QB,6,6,True,public_pcpr_declared,Public PCPR location; no explicit private-access evidence in available fields,,,,,,,True,False
GBCPIL6924415,INTERESTING H. HAWKSTONE PARK2,Weston,SY4 5UY,4,4,True,public_pcpr_declared,Public PCPR location; no explicit private-access evidence in available fields,,,,,,,True,False
GBCPIL6924425,INTERESTING H. HAWKSTONE PARK3,Weston,SY4 5UY,2,2,True,public_pcpr_declared,Public PCPR location; no explicit private-access evidence in available fields,,,,,,,True,False
GBCPIL7414925,REAR CAR PARK CHARGER 1,Whiteley,PO15 7AN,2,2,True,public_pcpr_declared,Public PCPR location; no explicit private-access evidence in available fields,,,,,,,True,False
GBCPIL6778635,HAWKLEY BROOK HAWKLEY DC150,Wigan,WN3 6XE,2,2,True,public_pcpr_declared,Public PCPR location; no explicit private-access evidence in available fields,,,,,en After main open gate,,True,False
GBCPIL6804345,ETB WINCHESTER,Winchester,SO23 7RQ,2,2,True,public_pcpr_declared,Public PCPR location; no explicit private-access evidence in available fields,,,,,,,True,False
GBCPIL7409255,ENGLISH LAKES LOW WOOD BAY 2,Windemere,LA23 1LP,4,4,True,public_pcpr_declared,Public PCPR location; no explicit private-access evidence in available fields,,,,,,,True,False
GBCPIL6999235,MENARINI STATION 01,Winnersh,RG41 5RA,2,2,True,public_pcpr_declared,Public PCPR location; no explicit private-access evidence in available fields,,,,,,,True,False
GBCPIL6678155,NEW MILLS F19,Wotton-under-Edge,GL12 8JR,2,2,True,public_pcpr_declared,Public PCPR location; no explicit private-access evidence in available fields,,,,,,,True,False
GBCPIL6781125,NETV NETV-YORK-01,York,YO30 4XA,2,2,True,public_pcpr_declared,Public PCPR location; no explicit private-access evidence in available fields,,,,,,,True,False
GBCPIL6781135,NETV NETV-YORK-02,York,YO30 4XA,2,2,True,public_pcpr_declared,Public PCPR location; no explicit private-access evidence in available fields,,,,,,,True,False
GBCPIL7366335,GOLDINGS REPTON 1,ashford,tn23 3gp,2,2,True,public_pcpr_declared,Public PCPR location; no explicit private-access evidence in available fields,,,,,,,True,False
GBCPIL7397495,EVIELIFE RUSSEL COURT,bournemouth,BH1 2EP,2,2,True,public_pcpr_declared,Public PCPR location; no explicit private-access evidence in available fields,,,,,,,True,False
GBCPIL7426335,HH-EVC CHRIST CHURCH1,c,BH23 3NT,4,4,True,public_pcpr_declared,Public PCPR location; no explicit private-access evidence in available fields,,,,,,,True,False
GBCPIL7418135,EVIELIFE HORNSBURY MILL,chard,TA20 3AQ,2,2,True,public_pcpr_declared,Public PCPR location; no explicit private-access evidence in available fields,,,,,,,True,False
GBCPIL7384765,EVIELIFE FOWEY VALLEY,fowey,PL22 0DD,2,2,True,public_pcpr_declared,Public PCPR location; no explicit private-access evidence in available fields,,,,,,,True,False
GBCPIL7427355,PADEL SLAM ZEST CHARGER 2,london,SW19 3WL,4,4,True,public_pcpr_declared,Public PCPR location; no explicit private-access evidence in available fields,,,,,en charger 2,,True,False
GBCPIL7369235,EVIELIFE BATH AND WEST 2,shepton mallet,BA4 6QN,4,4,True,public_pcpr_declared,Public PCPR location; no explicit private-access evidence in available fields,,,,,,,True,False
