locationId,stationName,evseId,connectorId,physicalReference,reason,classification,appLocationId,matchedSockets
6252a105-aa6e-4ba8-8d8e-ae9b312b3ad2,Links Road,GB*CK0*E9497,d9067ecb-feb4-44f2-8c7c-0160d882c6b4,9497,multiple_energy_prices_without_windows,different_energy_rates_or_conditions_ambiguous,96a6cb0d-b213-4f2a-a08b-9ad08201e112,1
b2745cad-4a94-4621-a28c-95d1b16284d3,"Abbott's View, East Lothian",GB*CK0*E8070,565714cd-5898-4fdd-829d-dd3cf4029f65,8070,multiple_energy_prices_without_windows,different_energy_rates_or_conditions_ambiguous,230b9ff6-c029-469a-abaf-972d47e58b90,1
b2745cad-4a94-4621-a28c-95d1b16284d3,"Abbott's View, East Lothian",GB*CK0*E8080,ea3b3a55-e7bb-4fee-9080-c74a23c92b65,8080,multiple_energy_prices_without_windows,different_energy_rates_or_conditions_ambiguous,230b9ff6-c029-469a-abaf-972d47e58b90,1
b8ae16fc-f2bd-4b09-b6d2-9118aac63940,Warrender Crescent,GB*CK0*E8078,e9d73b4c-6412-4fcb-82cf-31eaa508241c,8078,multiple_energy_prices_without_windows,different_energy_rates_or_conditions_ambiguous,9bf75cd1-1e94-4106-a469-34f9019dc862,1
b8ae16fc-f2bd-4b09-b6d2-9118aac63940,Warrender Crescent,GB*CK0*E8081,127495c5-c739-407e-b646-902460eb38b9,8081,multiple_energy_prices_without_windows,different_energy_rates_or_conditions_ambiguous,9bf75cd1-1e94-4106-a469-34f9019dc862,1
b20d6f3a-b867-4965-ba9e-9ec0b72af0eb,Village Hall Car Park,GB*CK0*E8089,4169d7a4-0ab8-44a2-b328-fc76a7850e5c,8089,multiple_energy_prices_without_windows,different_energy_rates_or_conditions_ambiguous,21d90048-d07a-43ae-af22-8ab48a19c353,1
b20d6f3a-b867-4965-ba9e-9ec0b72af0eb,Village Hall Car Park,GB*CK0*E8079,a8b8d53d-35f5-4fec-b332-fa91c9ad1b09,8079,multiple_energy_prices_without_windows,different_energy_rates_or_conditions_ambiguous,21d90048-d07a-43ae-af22-8ab48a19c353,1
89ab79e2-78ee-48ee-9966-baf66e75fd28,Westbank Road,GB*CK0*E3505,adec2ddc-7b3e-4607-9bba-42559cf2b1bb,3505,multiple_energy_prices_without_windows,different_energy_rates_or_conditions_ambiguous,dd09438c-5a02-474f-8dc4-e5c2bf05279c,1
89ab79e2-78ee-48ee-9966-baf66e75fd28,Westbank Road,GB*CK0*E3502,a9156083-6574-409d-8fba-7e2ebd4cc1a5,3502,multiple_energy_prices_without_windows,different_energy_rates_or_conditions_ambiguous,dd09438c-5a02-474f-8dc4-e5c2bf05279c,1
8e8dc579-72aa-4efa-b916-52155cc3c0c4,The Glebe Car Park,GB*CK0*E9220,b32a8fba-50dd-499c-8d2b-666023597cf4,9220,multiple_energy_prices_without_windows,different_energy_rates_or_conditions_ambiguous,ff17014e-9df9-45a8-86d5-f863074ac97a,1
8e8dc579-72aa-4efa-b916-52155cc3c0c4,The Glebe Car Park,GB*CK0*E9219,4c55ea07-ab1c-4be5-b563-bef5294516c6,9219,multiple_energy_prices_without_windows,different_energy_rates_or_conditions_ambiguous,ff17014e-9df9-45a8-86d5-f863074ac97a,1
8e8dc579-72aa-4efa-b916-52155cc3c0c4,The Glebe Car Park,GB*CK0*E10359,e5d18ba2-a91c-4643-9ec7-fe0c7c20dd0a,10359,multiple_energy_prices_without_windows,different_energy_rates_or_conditions_ambiguous,ff17014e-9df9-45a8-86d5-f863074ac97a,1
8e8dc579-72aa-4efa-b916-52155cc3c0c4,The Glebe Car Park,GB*CK0*E10360,a9bb5b2a-1662-40ab-90ac-93249c73b4d9,10360,multiple_energy_prices_without_windows,different_energy_rates_or_conditions_ambiguous,ff17014e-9df9-45a8-86d5-f863074ac97a,1
8e8dc579-72aa-4efa-b916-52155cc3c0c4,The Glebe Car Park,GB*CK0*E10362,cd5ebf68-1eaa-4f88-a603-5ffe7fe1d9a4,10362,multiple_energy_prices_without_windows,different_energy_rates_or_conditions_ambiguous,ff17014e-9df9-45a8-86d5-f863074ac97a,1
8e8dc579-72aa-4efa-b916-52155cc3c0c4,The Glebe Car Park,GB*CK0*E10361,3b5ff4ec-cd89-4a5a-8865-e6bed7af0b3d,10361,multiple_energy_prices_without_windows,different_energy_rates_or_conditions_ambiguous,ff17014e-9df9-45a8-86d5-f863074ac97a,1
8e8dc579-72aa-4efa-b916-52155cc3c0c4,The Glebe Car Park,GB*CK0*E10376,d9e145f6-01b2-46ff-9773-4c51af3e3461,10376,multiple_energy_prices_without_windows,different_energy_rates_or_conditions_ambiguous,ff17014e-9df9-45a8-86d5-f863074ac97a,1
8e8dc579-72aa-4efa-b916-52155cc3c0c4,The Glebe Car Park,GB*CK0*E10375,9a7e04a5-0ee4-4760-bf1b-6e0eea439b33,10375,multiple_energy_prices_without_windows,different_energy_rates_or_conditions_ambiguous,ff17014e-9df9-45a8-86d5-f863074ac97a,1
8e8dc579-72aa-4efa-b916-52155cc3c0c4,The Glebe Car Park,GB*CK0*E9055,5201439e-f110-4b6a-a3d5-9df04871e1c3,9055,multiple_energy_prices_without_windows,different_energy_rates_or_conditions_ambiguous,ff17014e-9df9-45a8-86d5-f863074ac97a,1
8e8dc579-72aa-4efa-b916-52155cc3c0c4,The Glebe Car Park,GB*CK0*E9056,6f01c678-bd57-4846-9b50-cfffb1812836,9056,multiple_energy_prices_without_windows,different_energy_rates_or_conditions_ambiguous,ff17014e-9df9-45a8-86d5-f863074ac97a,1
8e8dc579-72aa-4efa-b916-52155cc3c0c4,The Glebe Car Park,GB*CK0*E10305,3febab77-a24c-41db-b4c6-be5815abb348,10305,multiple_energy_prices_without_windows,different_energy_rates_or_conditions_ambiguous,ff17014e-9df9-45a8-86d5-f863074ac97a,1
8e8dc579-72aa-4efa-b916-52155cc3c0c4,The Glebe Car Park,GB*CK0*E10306,4d714ac4-7bfb-4815-82c9-e994e707e7d0,10306,multiple_energy_prices_without_windows,different_energy_rates_or_conditions_ambiguous,ff17014e-9df9-45a8-86d5-f863074ac97a,1
8420d98a-4823-4acf-ba21-0a349552dedd,"Edenhall Bank, East Lothian",GB*CK0*E9504,d8cbb632-0e9d-4e35-81c9-7d30786d33c6,9504,multiple_energy_prices_without_windows,different_energy_rates_or_conditions_ambiguous,af0151e1-07d9-4518-b3ea-7e91f1c0507b,1
8420d98a-4823-4acf-ba21-0a349552dedd,"Edenhall Bank, East Lothian",GB*CK0*E9509,d974a625-6f34-4ebe-9bca-b4a6347abd2f,9509,multiple_energy_prices_without_windows,different_energy_rates_or_conditions_ambiguous,af0151e1-07d9-4518-b3ea-7e91f1c0507b,1
a84f9294-cb02-4457-ae34-2e9263e489fc,Dundas Road Car Park,GB*CK0*E9145,dc36405b-a547-47d5-af6c-07f7d521624c,9145,multiple_energy_prices_without_windows,different_energy_rates_or_conditions_ambiguous,6c33339a-c669-4563-aae6-27d50b32edaa,1
a84f9294-cb02-4457-ae34-2e9263e489fc,Dundas Road Car Park,GB*CK0*E9118,63700ee6-97ea-48f5-9ddd-eafa3917fac0,9118,multiple_energy_prices_without_windows,different_energy_rates_or_conditions_ambiguous,6c33339a-c669-4563-aae6-27d50b32edaa,1
a84f9294-cb02-4457-ae34-2e9263e489fc,Dundas Road Car Park,GB*CK0*E9123,f0c0f040-70f5-43c0-af17-8b1de80a4df2,9123,multiple_energy_prices_without_windows,different_energy_rates_or_conditions_ambiguous,6c33339a-c669-4563-aae6-27d50b32edaa,1
90c39cd1-9e66-4ffb-a452-44ba31d52db8,"Thomson Crescent, East Lothian",GB*CK0*E8088,c3e45cb6-423a-46d7-866c-44aed2546ce8,8088,multiple_energy_prices_without_windows,different_energy_rates_or_conditions_ambiguous,9f4718e5-eb7c-4628-b033-473517a69ec3,1
90c39cd1-9e66-4ffb-a452-44ba31d52db8,"Thomson Crescent, East Lothian",GB*CK0*E9124,5a1579a1-c7ff-45ee-ba61-7d9970593a36,9124,multiple_energy_prices_without_windows,different_energy_rates_or_conditions_ambiguous,9f4718e5-eb7c-4628-b033-473517a69ec3,1
90c39cd1-9e66-4ffb-a452-44ba31d52db8,"Thomson Crescent, East Lothian",GB*CK0*E9125,4a426d20-7598-4551-85d7-aea4b0cb69f0,9125,multiple_energy_prices_without_windows,different_energy_rates_or_conditions_ambiguous,9f4718e5-eb7c-4628-b033-473517a69ec3,1
6880d2a1-de8c-438a-88e5-8934dd35fb0d,"Moffat Road, Ormiston",GB*CK0*E8262,33567082-6287-42eb-8f51-a9923c6d82c1,8262,multiple_energy_prices_without_windows,different_energy_rates_or_conditions_ambiguous,bcf4988e-c3d4-4de3-bf85-27de503501f5,1
2acf37e3-1326-4920-aafe-46129d751a16,Musselburgh Promenade,GB*CK0*E8955,d7566789-3500-4368-8a11-a2a5bdf7107b,8955,multiple_energy_prices_without_windows,different_energy_rates_or_conditions_ambiguous,787fa314-48cb-4611-a424-df44429d075f,1
2acf37e3-1326-4920-aafe-46129d751a16,Musselburgh Promenade,GB*CK0*E8956,d01607e6-907f-4651-907d-05fa21e9dc79,8956,multiple_energy_prices_without_windows,different_energy_rates_or_conditions_ambiguous,787fa314-48cb-4611-a424-df44429d075f,1
2acf37e3-1326-4920-aafe-46129d751a16,Musselburgh Promenade,GB*CK0*E14544,f50474fd-f64d-4a94-a374-eaa330d829f0,14544,multiple_energy_prices_without_windows,different_energy_rates_or_conditions_ambiguous,787fa314-48cb-4611-a424-df44429d075f,1
2acf37e3-1326-4920-aafe-46129d751a16,Musselburgh Promenade,GB*CK0*E14545,a768981b-64e2-4375-9a54-b988eeef5856,14545,multiple_energy_prices_without_windows,different_energy_rates_or_conditions_ambiguous,787fa314-48cb-4611-a424-df44429d075f,1
2acf37e3-1326-4920-aafe-46129d751a16,Musselburgh Promenade,GB*CK0*E8914,f152d053-274d-47cd-a29c-c21bb4b8eed6,8914,multiple_energy_prices_without_windows,different_energy_rates_or_conditions_ambiguous,787fa314-48cb-4611-a424-df44429d075f,1
2acf37e3-1326-4920-aafe-46129d751a16,Musselburgh Promenade,GB*CK0*E8913,884ff841-66ad-4471-8de4-94cbef574f4a,8913,multiple_energy_prices_without_windows,different_energy_rates_or_conditions_ambiguous,787fa314-48cb-4611-a424-df44429d075f,1
a0d548ec-4cdb-466e-919a-23ed2cb59ed2,"York Road, North Berwick",GB*CK0*E9498,ec84c1e8-1290-4720-a739-9ba415e549c9,9498,multiple_energy_prices_without_windows,different_energy_rates_or_conditions_ambiguous,d65f904a-034e-4627-bf53-ecf0fe59a626,1
a0d548ec-4cdb-466e-919a-23ed2cb59ed2,"York Road, North Berwick",GB*CK0*E9505,d1843fe9-b7fd-40fe-8b8c-9cfd24e580da,9505,multiple_energy_prices_without_windows,different_energy_rates_or_conditions_ambiguous,d65f904a-034e-4627-bf53-ecf0fe59a626,1
23b988fd-7cf8-49d9-952e-7904155f59b1,"Woodhall Road, Pencaitland",GB*CK0*E9503,fdcbe827-61bf-4ee4-a383-b6b6f91e0afb,9503,multiple_energy_prices_without_windows,different_energy_rates_or_conditions_ambiguous,7550f000-7887-440d-aec0-0fe5755f22da,1
23b988fd-7cf8-49d9-952e-7904155f59b1,"Woodhall Road, Pencaitland",GB*CK0*E9508,e4c115c3-1837-4acb-922e-b846b63db872,9508,multiple_energy_prices_without_windows,different_energy_rates_or_conditions_ambiguous,7550f000-7887-440d-aec0-0fe5755f22da,1
c29ea1ac-00bf-44b8-b60c-bfff129daced,Stoneybank Terrace,GB*CK0*E1387-,880ac210-bd02-4fff-b113-cc304e540184,1387-,multiple_energy_prices_without_windows,different_energy_rates_or_conditions_ambiguous,63b48a18-25c9-4ccf-aecc-b30b6deaeb81,1
c29ea1ac-00bf-44b8-b60c-bfff129daced,Stoneybank Terrace,GB*CK0*E1385-,d9e0d2a0-d78d-457e-9ed4-47827bc164ca,1385-,multiple_energy_prices_without_windows,different_energy_rates_or_conditions_ambiguous,63b48a18-25c9-4ccf-aecc-b30b6deaeb81,1
c29ea1ac-00bf-44b8-b60c-bfff129daced,Stoneybank Terrace,GB*CK0*E1384-,eb15724f-3a7c-44ad-80fc-a0071ae3f7c6,1384-,multiple_energy_prices_without_windows,different_energy_rates_or_conditions_ambiguous,63b48a18-25c9-4ccf-aecc-b30b6deaeb81,1
c29ea1ac-00bf-44b8-b60c-bfff129daced,Stoneybank Terrace,GB*CK0*E1386-,cd099b14-3c90-4ade-a12e-2f0ffa7ac2c0,1386-,multiple_energy_prices_without_windows,different_energy_rates_or_conditions_ambiguous,63b48a18-25c9-4ccf-aecc-b30b6deaeb81,1
c29ea1ac-00bf-44b8-b60c-bfff129daced,Stoneybank Terrace,GB*CK0*E4317,7bf84b77-b045-4b4f-8a04-35528ef798a3,4317,multiple_energy_prices_without_windows,different_energy_rates_or_conditions_ambiguous,63b48a18-25c9-4ccf-aecc-b30b6deaeb81,1
8720c507-6981-4e4b-abba-81307f9e989f,Wedderburn Court,GB*CK0*E3297,2dddb004-c2ea-446f-bbb6-8a49e3c74b42,3297,multiple_energy_prices_without_windows,different_energy_rates_or_conditions_ambiguous,76a9e416-8c74-4b16-ac93-22cd448208ed,1
8720c507-6981-4e4b-abba-81307f9e989f,Wedderburn Court,GB*CK0*E3504,f55e3bfa-5c15-4794-aabc-bac9b518bed1,3504,multiple_energy_prices_without_windows,different_energy_rates_or_conditions_ambiguous,76a9e416-8c74-4b16-ac93-22cd448208ed,1
8c86599d-996a-4bb1-9b54-286fa3fd9b2e,Carberry Court,GB*CK0*E9510,6f478265-bd69-43b7-a376-87983f63884a,9510,multiple_energy_prices_without_windows,different_energy_rates_or_conditions_ambiguous,3d1849de-3fd7-4f27-8e10-1345981c6e9c,1
8c86599d-996a-4bb1-9b54-286fa3fd9b2e,Carberry Court,GB*CK0*E8091,f96c7eb4-1785-4709-b5a0-1131ee6b3ded,8091,multiple_energy_prices_without_windows,different_energy_rates_or_conditions_ambiguous,3d1849de-3fd7-4f27-8e10-1345981c6e9c,1
8c86599d-996a-4bb1-9b54-286fa3fd9b2e,Carberry Court,GB*CK0*E9506,5a310ef9-d285-4d29-84ee-6012995ea9c1,9506,multiple_energy_prices_without_windows,different_energy_rates_or_conditions_ambiguous,3d1849de-3fd7-4f27-8e10-1345981c6e9c,1
d50bafec-7206-4f2c-9c31-0516affea8e6,Humbie Village Hall Car Park,GB*CK0*E9126,8aef2f47-4d68-46fd-b3ac-2df22b6fbe15,9126,multiple_energy_prices_without_windows,different_energy_rates_or_conditions_ambiguous,8b608626-77d4-40c4-b788-89c5092dc954,1
d50bafec-7206-4f2c-9c31-0516affea8e6,Humbie Village Hall Car Park,GB*CK0*E9119,e30723c9-fa6f-4fb6-b243-61db38f22cd1,9119,multiple_energy_prices_without_windows,different_energy_rates_or_conditions_ambiguous,8b608626-77d4-40c4-b788-89c5092dc954,1
cd20ba89-4241-4b39-b738-514f49093e8d,Midhope Road,GB*CK0*E19825,a46c9e98-5d68-4025-989a-ab416d7ab670,19825,fee_unit_verification_pending,additional_fee_unit_and_trigger_require_official_semantics,d094b215-e716-42a4-8ca3-0066e36816d2,1
cd20ba89-4241-4b39-b738-514f49093e8d,Midhope Road,GB*CK0*E19865,d19e0ae8-1424-40d8-ae9a-b13fe6704484,19865,fee_unit_verification_pending,additional_fee_unit_and_trigger_require_official_semantics,d094b215-e716-42a4-8ca3-0066e36816d2,1
cd20ba89-4241-4b39-b738-514f49093e8d,Midhope Road,GB*CK0*E19716,f02dbb6d-7fcb-4dd0-8f51-1a27111ab5b0,19716,fee_unit_verification_pending,additional_fee_unit_and_trigger_require_official_semantics,d094b215-e716-42a4-8ca3-0066e36816d2,1
cd20ba89-4241-4b39-b738-514f49093e8d,Midhope Road,GB*CK0*E19707,9a1d7557-d59c-4e95-a929-b667d73843f0,19707,fee_unit_verification_pending,additional_fee_unit_and_trigger_require_official_semantics,d094b215-e716-42a4-8ca3-0066e36816d2,1
