rank,operator,residual_source_evses,affected_locations,safely_recoverable_source_evses
1,"NUMERIC",1186,182,0
2,"CUSTOMGYEVSE",205,36,0
3,"B",136,33,0
4,"SAE",51,4,0
5,"H01",38,1,0
6,"S30",26,5,0
7,"S63",20,4,0
8,"03DC180",19,19,0
9,"04DC180",18,18,0
10,"06ACS22",17,17,0
11,"01DC180",16,16,0
12,"LDL",16,4,0
13,"0",15,12,0
14,"05ACS22",15,15,0
15,"02ACS22",14,14,0
16,"SSD",14,2,0
17,"1",13,11,0
18,"01",12,12,0
19,"02",12,12,0
20,"02DC180",12,12,0
21,"03",12,12,0
22,"04",12,12,0
23,"SE1",12,6,0
24,"01ACS22",11,11,0
25,"BORNE01X1",11,11,0
26,"BORNE02X1",11,11,0
27,"DELAUVIVEWEP",11,1,0
28,"05DC180",10,10,0
29,"ADP",10,1,0
30,"ALFEN2X22",10,2,0
31,"BORNE03X1",10,10,0
32,"2",9,8,0
33,"BORNE02X2",9,9,0
34,"BORNE04X1",9,9,0
35,"S14",9,3,0
36,"S27",9,6,0
37,"05",8,8,0
38,"06",8,8,0
39,"BORNE04X2",7,7,0
40,"DAZURNICEITI",7,1,0
41,"UABBT360",7,1,0
42,"03ACS22",6,5,0
43,"04ACS22",6,6,0
44,"07ACS22",6,6,0
45,"07DC180",6,6,0
46,"ABBT360",6,1,0
47,"BORNE01X2",6,6,0
48,"CEVILLERONIT",6,1,0
49,"SEMARDITIN",6,1,0
50,"TCB",6,2,0
51,"06DC180",5,5,0
52,"ANCEJUVISYIT",5,1,0
53,"BAILLARGUESI",5,1,0
54,"BFC",5,1,0
55,"BORNE03X2",5,5,0
56,"E04",5,1,0
57,"LEHAILLANITI",5,1,0
58,"MAP",5,1,0
59,"04DC150",4,4,0
60,"07",4,4,0
61,"08",4,4,0
62,"08ACS22",4,4,0
63,"09",4,4,0
64,"10",4,4,0
65,"11",4,4,0
66,"12",4,4,0
67,"21BZ0877B",4,1,0
68,"4",4,4,0
69,"ALPITRONIC15",4,1,0
70,"BPE",4,1,0
71,"KEMPOWER200",4,1,0
72,"RENAULTA400",4,1,0
73,"T365IT127222",4,1,0
74,"03DC150",3,3,0
75,"08DC180",3,3,0
76,"13",3,3,0
77,"14",3,3,0
78,"15",3,3,0
79,"16",3,3,0
80,"17",3,3,0
81,"18",3,3,0
82,"3",3,3,0
83,"5",3,3,0
84,"6",3,3,0
85,"AK2017",3,1,0
86,"AK2019",3,1,0
87,"ANCEPOISSYIT",3,1,0
88,"ANDEVEDASITI",3,1,0
89,"ARGENTEUILIT",3,1,0
90,"BORNE05X1",3,3,0
91,"DOCBEZIERSIT",3,1,0
92,"EETOULOUSEIT",3,1,0
93,"EFL",3,1,0
94,"ELACC1241200",3,1,0
95,"ELACC2241200",3,1,0
96,"EVITROLLESIT",3,1,0
97,"GLY",3,1,0
98,"GNEQUIMPERIT",3,1,0
99,"ING6S0A22242",3,1,0
100,"ING6S0A26241",3,1,0
101,"LESTOURSITIN",3,1,0
102,"MAT008915",3,1,0
103,"MAT008918",3,1,0
104,"MAT008919",3,1,0
105,"MAT008927",3,1,0
106,"MAT009113",3,1,0
107,"MAT009124",3,1,0
108,"MAT009128",3,1,0
109,"MAT009149",3,1,0
110,"MAT019686",3,1,0
111,"MAT021390",3,1,0
112,"MAT025317",3,1,0
113,"MAT025836",3,1,0
114,"MAT025840",3,1,0
115,"MAT025849",3,1,0
116,"MAT025872",3,1,0
117,"MAT025873",3,1,0
118,"MAT025879",3,1,0
119,"MAT025883",3,1,0
120,"MAT025884",3,1,0
121,"MAT025885",3,1,0
122,"MAT025886",3,1,0
123,"MAT080721",3,1,0
124,"MAT080722",3,1,0
125,"MAT080723",3,1,0
126,"MAT080724",3,1,0
127,"MAT080725",3,1,0
128,"MAT080726",3,1,0
129,"MAZARINITIN",3,1,0
130,"MGP",3,2,0
131,"MILLENAIREIT",3,1,0
132,"MIURAABBT54",3,1,0
133,"MONTPELLIERI",3,1,0
134,"ONEAVIGNONIT",3,1,0
135,"ORBESANCONIT",3,1,0
136,"ORNONC124120",3,1,0
137,"OSC",3,1,0
138,"OUBETC124120",3,1,0
139,"OUBETC224120",3,1,0
140,"POLISC124120",3,1,0
141,"POLISC224120",3,1,0
142,"RANCEVITRYIT",3,1,0
143,"RHONENIMESIT",3,1,0
144,"RPORTC124030",3,1,0
145,"RPORTC224030",3,1,0
146,"STRASBOURGIT",3,1,0
147,"T54IT1222223",3,1,0
148,"YNESURMERITI",3,1,0
149,"01ACS07",2,2,0
150,"02ACS07",2,2,0
151,"02DC150",2,2,0
152,"03DC120",2,2,0
153,"04DC120",2,2,0
154,"05DC150",2,2,0
155,"06ACS07",2,2,0
156,"06DC150",2,2,0
157,"07DC150",2,2,0
158,"1080DOMESTIC",2,2,0
159,"19",2,2,0
160,"20",2,2,0
161,"7",2,2,0
162,"A24C0601344",2,1,0
163,"ALL",2,1,0
164,"AOC0152",2,1,0
165,"BORNE01X3",2,2,0
166,"BORNE02X3",2,2,0
167,"BORNE05X2",2,2,0
168,"BORNE06X1",2,2,0
169,"BORNE07X1",2,2,0
170,"BRN0333",2,1,0
171,"BUNVWA",2,1,0
172,"CARCASSONNEC",2,1,0
173,"CASSONNECHAD",2,1,0
174,"CBBVWK",2,1,0
175,"CQDYQK",2,1,0
176,"E205",2,2,0
177,"E206",2,2,0
178,"E207",2,2,0
179,"E208",2,2,0
180,"E209",2,2,0
181,"E210",2,2,0
182,"E211",2,2,0
183,"E213",2,2,0
184,"E214",2,2,0
185,"EVBB22359292",2,1,0
186,"HIC4513",2,1,0
187,"HYC100136074",2,1,0
188,"ING6S0A22222",2,1,0
189,"ING6S0A22232",2,1,0
190,"ING6S0A26221",2,1,0
191,"IZM",2,1,0
192,"LBD1681",2,1,0
193,"M2632",2,1,0
194,"M2633",2,1,0
195,"M2634",2,1,0
196,"M2635",2,1,0
197,"MAT003504",2,1,0
198,"MAT003505",2,1,0
199,"MAT003506",2,1,0
200,"MAT003509",2,1,0
201,"MAT003510",2,1,0
202,"MAT003511",2,1,0
203,"MAT003522",2,1,0
204,"MAT003526",2,1,0
205,"MAT004897",2,1,0
206,"MAT007801",2,1,0
207,"MAT008867",2,1,0
208,"MAT008868",2,1,0
209,"MAT008869",2,1,0
210,"MAT008870",2,1,0
211,"MAT008871",2,1,0
212,"MAT008872",2,1,0
213,"MAT008873",2,1,0
214,"MAT008874",2,1,0
215,"MAT008875",2,1,0
216,"MAT008876",2,1,0
217,"MAT008877",2,1,0
218,"MAT008878",2,1,0
219,"MAT008879",2,1,0
220,"MAT008880",2,1,0
221,"MAT008887",2,1,0
222,"MAT008888",2,1,0
223,"MAT008892",2,1,0
224,"MAT008897",2,1,0
225,"MAT008898",2,1,0
226,"MAT008905",2,1,0
227,"MAT008906",2,1,0
228,"MAT008909",2,1,0
229,"MAT008910",2,1,0
230,"MAT008913",2,1,0
231,"MAT008914",2,1,0
232,"MAT008916",2,1,0
233,"MAT008917",2,1,0
234,"MAT008923",2,1,0
235,"MAT008926",2,1,0
236,"MAT009057",2,1,0
237,"MAT009058",2,1,0
238,"MAT009089",2,1,0
239,"MAT009090",2,1,0
240,"MAT009099",2,1,0
241,"MAT009100",2,1,0
242,"MAT009114",2,1,0
243,"MAT009115",2,1,0
244,"MAT009116",2,1,0
245,"MAT009117",2,1,0
246,"MAT009118",2,1,0
247,"MAT009119",2,1,0
248,"MAT009122",2,1,0
249,"MAT009123",2,1,0
250,"MAT009125",2,1,0
251,"MAT009126",2,1,0
252,"MAT009131",2,1,0
253,"MAT009132",2,1,0
254,"MAT009133",2,1,0
255,"MAT009134",2,1,0
256,"MAT009135",2,1,0
257,"MAT009136",2,1,0
258,"MAT009147",2,1,0
259,"MAT009148",2,1,0
260,"MAT009402",2,1,0
261,"MAT009403",2,1,0
262,"MAT009404",2,1,0
263,"MAT009407",2,1,0
264,"MAT009408",2,1,0
265,"MAT009418",2,1,0
266,"MAT009429",2,1,0
267,"MAT009433",2,1,0
268,"MAT009434",2,1,0
269,"MAT009441",2,1,0
270,"MAT009444",2,1,0
271,"MAT009448",2,1,0
272,"MAT009449",2,1,0
273,"MAT009450",2,1,0
274,"MAT009485",2,1,0
275,"MAT009497",2,1,0
276,"MAT009498",2,1,0
277,"MAT009499",2,1,0
278,"MAT009501",2,1,0
279,"MAT009502",2,1,0
280,"MAT009505",2,1,0
281,"MAT009506",2,1,0
282,"MAT009515",2,1,0
283,"MAT009516",2,1,0
284,"MAT009518",2,1,0
285,"MAT009520",2,1,0
286,"MAT009523",2,1,0
287,"MAT009524",2,1,0
288,"MAT009528",2,1,0
289,"MAT009529",2,1,0
290,"MAT009530",2,1,0
291,"MAT009532",2,1,0
292,"MAT009544",2,1,0
293,"MAT017142",2,1,0
294,"MAT017145",2,1,0
295,"MAT017147",2,1,0
296,"MAT017148",2,1,0
297,"MAT017151",2,1,0
298,"MAT021106",2,1,0
299,"MAT021108",2,1,0
300,"MAT021140",2,1,0
301,"MAT021146",2,1,0
302,"MAT021393",2,1,0
303,"MAT025271",2,1,0
304,"MAT025272",2,1,0
305,"MAT025273",2,1,0
306,"MAT025274",2,1,0
307,"MAT025275",2,1,0
308,"MAT025276",2,1,0
309,"MAT025277",2,1,0
310,"MAT025278",2,1,0
311,"MAT025292",2,1,0
312,"MAT025293",2,1,0
313,"MAT025308",2,1,0
314,"MAT025310",2,1,0
315,"MAT025313",2,1,0
316,"MAT025314",2,1,0
317,"MAT025315",2,1,0
318,"MAT025316",2,1,0
319,"MAT025318",2,1,0
320,"MAT025319",2,1,0
321,"MAT025320",2,1,0
322,"MAT025324",2,1,0
323,"MAT025325",2,1,0
324,"MAT025326",2,1,0
325,"MAT025332",2,1,0
326,"MAT025333",2,1,0
327,"MAT025337",2,1,0
328,"MAT025339",2,1,0
329,"MAT025340",2,1,0
330,"MAT025341",2,1,0
331,"MAT025342",2,1,0
332,"MAT025343",2,1,0
333,"MAT025344",2,1,0
334,"MAT025346",2,1,0
335,"MAT025348",2,1,0
336,"MAT025349",2,1,0
337,"MAT025508",2,1,0
338,"MAT025812",2,1,0
339,"MAT025813",2,1,0
340,"MAT025814",2,1,0
341,"MAT025815",2,1,0
342,"MAT025816",2,1,0
343,"MAT025817",2,1,0
344,"MAT025818",2,1,0
345,"MAT025819",2,1,0
346,"MAT025820",2,1,0
347,"MAT025821",2,1,0
348,"MAT025822",2,1,0
349,"MAT025823",2,1,0
350,"MAT025824",2,1,0
351,"MAT025826",2,1,0
352,"MAT025828",2,1,0
353,"MAT025829",2,1,0
354,"MAT025830",2,1,0
355,"MAT025831",2,1,0
356,"MAT025832",2,1,0
357,"MAT025833",2,1,0
358,"MAT025835",2,1,0
359,"MAT025837",2,1,0
360,"MAT025838",2,1,0
361,"MAT025839",2,1,0
362,"MAT025841",2,1,0
363,"MAT025842",2,1,0
364,"MAT025857",2,1,0
365,"MAT025859",2,1,0
366,"MAT025860",2,1,0
367,"MAT025861",2,1,0
368,"MAT025863",2,1,0
369,"MAT025868",2,1,0
370,"MAT025869",2,1,0
371,"MAT025870",2,1,0
372,"MAT025874",2,1,0
373,"MAT025875",2,1,0
374,"MAT025876",2,1,0
375,"MAT025877",2,1,0
376,"MAT025878",2,1,0
377,"MAT025887",2,1,0
378,"MAT025888",2,1,0
379,"MAT025889",2,1,0
380,"MAT025891",2,1,0
381,"MAT028825",2,1,0
382,"MAT030016",2,1,0
383,"MAT030052",2,1,0
384,"MAT030066",2,1,0
385,"MAT030067",2,1,0
386,"MAT030069",2,1,0
387,"MAT030138",2,1,0
388,"MAT030169",2,1,0
389,"MAT030193",2,1,0
390,"MAT030210",2,1,0
391,"MAT030213",2,1,0
392,"MAT030223",2,1,0
393,"MAT030246",2,1,0
394,"MAT030247",2,1,0
395,"MAT030248",2,1,0
396,"MAT030249",2,1,0
397,"MAT030250",2,1,0
398,"MAT030251",2,1,0
399,"MAT030271",2,1,0
400,"MAT030272",2,1,0
401,"MAT030273",2,1,0
402,"MAT030287",2,1,0
403,"MAT030297",2,1,0
404,"MAT030301",2,1,0
405,"MAT030347",2,1,0
406,"MAT030351",2,1,0
407,"MAT030433",2,1,0
408,"MAT030449",2,1,0
409,"MAT030563",2,1,0
410,"MAT030568",2,1,0
411,"MAT030581",2,1,0
412,"MAT030583",2,1,0
413,"MAT030594",2,1,0
414,"MAT030602",2,1,0
415,"MAT030603",2,1,0
416,"MAT030614",2,1,0
417,"MAT030619",2,1,0
418,"MAT030621",2,1,0
419,"MAT030622",2,1,0
420,"MAT030652",2,1,0
421,"MAT030848",2,1,0
422,"MAT030849",2,1,0
423,"MAT030850",2,1,0
424,"MAT030851",2,1,0
425,"MAT030950",2,1,0
426,"MAT031128",2,1,0
427,"MAT031129",2,1,0
428,"MAT031179",2,1,0
429,"MAT031182",2,1,0
430,"MAT031304",2,1,0
431,"MAT031323",2,1,0
432,"MAT031324",2,1,0
433,"MAT031325",2,1,0
434,"MAT031347",2,1,0
435,"MAT031360",2,1,0
436,"MAT031366",2,1,0
437,"MAT031382",2,1,0
438,"MAT031386",2,1,0
439,"MAT031387",2,1,0
440,"MAT031390",2,1,0
441,"MAT031508",2,1,0
442,"MAT031566",2,1,0
443,"MAT031576",2,1,0
444,"MAT031600",2,1,0
445,"MAT031601",2,1,0
446,"MAT031602",2,1,0
447,"MAT032020",2,1,0
448,"MAT032467",2,1,0
449,"MAT032599",2,1,0
450,"MAT032600",2,1,0
451,"MAT032625",2,1,0
452,"MAT032626",2,1,0
453,"MAT032627",2,1,0
454,"MAT032628",2,1,0
455,"MAT032629",2,1,0
456,"MAT032630",2,1,0
457,"MAT032631",2,1,0
458,"MAT032632",2,1,0
459,"MAT032633",2,1,0
460,"MAT032634",2,1,0
461,"MAT032635",2,1,0
462,"MAT032636",2,1,0
463,"MAT032637",2,1,0
464,"MAT032639",2,1,0
465,"MAT032640",2,1,0
466,"MAT032641",2,1,0
467,"MAT032642",2,1,0
468,"MAT032643",2,1,0
469,"MAT032644",2,1,0
470,"MAT032646",2,1,0
471,"MAT032648",2,1,0
472,"MAT032650",2,1,0
473,"MAT032651",2,1,0
474,"MAT032652",2,1,0
475,"MAT032653",2,1,0
476,"MAT032654",2,1,0
477,"MAT032655",2,1,0
478,"MAT032658",2,1,0
479,"MAT032660",2,1,0
480,"MAT032661",2,1,0
481,"MAT032662",2,1,0
482,"MAT032980",2,1,0
483,"MAT032982",2,1,0
484,"MAT032983",2,1,0
485,"MAT032985",2,1,0
486,"MAT032986",2,1,0
487,"MAT062518",2,1,0
488,"MAT062519",2,1,0
489,"MAT062521",2,1,0
490,"MAT062522",2,1,0
491,"MAT062523",2,1,0
492,"MAT062524",2,1,0
493,"MAT062531",2,1,0
494,"MAT062533",2,1,0
495,"MAT062534",2,1,0
496,"MAT062535",2,1,0
497,"MAT062536",2,1,0
498,"MAT062538",2,1,0
499,"MAT062539",2,1,0
500,"MAT062541",2,1,0
501,"MAT062542",2,1,0
502,"MAT062543",2,1,0
503,"MAT062544",2,1,0
504,"MAT062546",2,1,0
505,"MAT062547",2,1,0
506,"MAT062548",2,1,0
507,"MAT062549",2,1,0
508,"MAT062550",2,1,0
509,"MAT062556",2,1,0
510,"MAT062558",2,1,0
511,"MAT062559",2,1,0
512,"MAT062561",2,1,0
513,"MAT062562",2,1,0
514,"MAT062564",2,1,0
515,"MAT062566",2,1,0
516,"MAT062568",2,1,0
517,"MAT062569",2,1,0
518,"MAT064231",2,1,0
519,"MAT064232",2,1,0
520,"MAT064233",2,1,0
521,"MAT064234",2,1,0
522,"MAT064238",2,1,0
523,"MAT064239",2,1,0
524,"MAT064244",2,1,0
525,"MAT064247",2,1,0
526,"MAT064248",2,1,0
527,"MAT064249",2,1,0
528,"MAT064254",2,1,0
529,"MAT064523",2,1,0
530,"MAT064524",2,1,0
531,"MAT064525",2,1,0
532,"MAT064526",2,1,0
533,"MAT064702",2,1,0
534,"MAT064703",2,1,0
535,"MAT064704",2,1,0
536,"MAT064708",2,1,0
537,"MAT064711",2,1,0
538,"MAT064720",2,1,0
539,"MAT064721",2,1,0
540,"MAT064722",2,1,0
541,"MAT064729",2,1,0
542,"MAT064730",2,1,0
543,"MAT064732",2,1,0
544,"MAT064742",2,1,0
545,"MAT064743",2,1,0
546,"MAT064744",2,1,0
547,"MAT064748",2,1,0
548,"MAT064749",2,1,0
549,"MAT064750",2,1,0
550,"MAT064972",2,1,0
551,"MAT064973",2,1,0
552,"MAT064974",2,1,0
553,"MAT064975",2,1,0
554,"MAT064976",2,1,0
555,"MAT064997",2,1,0
556,"MAT065004",2,1,0
557,"MAT065005",2,1,0
558,"MAT065141",2,1,0
559,"MAT065143",2,1,0
560,"MAT065144",2,1,0
561,"MAT065147",2,1,0
562,"MAT065169",2,1,0
563,"MAT065170",2,1,0
564,"MAT066145",2,1,0
565,"MAT066153",2,1,0
566,"MAT067051",2,1,0
567,"MAT067281",2,1,0
568,"MAT067283",2,1,0
569,"MAT067301",2,1,0
570,"MAT067310",2,1,0
571,"MAT067312",2,1,0
572,"MAT067321",2,1,0
573,"MAT067331",2,1,0
574,"MAT067344",2,1,0
575,"MAT068861",2,1,0
576,"MAT068865",2,1,0
577,"MAT068880",2,1,0
578,"MAT068881",2,1,0
579,"MAT069982",2,1,0
580,"MAT070081",2,1,0
581,"MAT070082",2,1,0
582,"MAT070083",2,1,0
583,"MAT070084",2,1,0
584,"MAT070085",2,1,0
585,"MAT070381",2,1,0
586,"MAT070413",2,1,0
587,"MAT070497",2,1,0
588,"MAT070561",2,1,0
589,"MAT070632",2,1,0
590,"MAT070633",2,1,0
591,"MAT072562",2,1,0
592,"MAT073093",2,1,0
593,"MAT074152",2,1,0
594,"MAT074502",2,1,0
595,"MAT075148",2,1,0
596,"MAT075551",2,1,0
597,"MAT075556",2,1,0
598,"MAT076243",2,1,0
599,"MAT076436",2,1,0
600,"MAT076453",2,1,0
601,"MAT076454",2,1,0
602,"MAT077643",2,1,0
603,"MAT077644",2,1,0
604,"MAT077801",2,1,0
605,"MAT077802",2,1,0
606,"MAT078241",2,1,0
607,"MAT078242",2,1,0
608,"MAT078243",2,1,0
609,"MAT080674",2,1,0
610,"MAT080675",2,1,0
611,"MAT081293",2,1,0
612,"MAT081297",2,1,0
613,"MAT081789",2,1,0
614,"MAT084041",2,1,0
615,"MAT921394",2,1,0
616,"MAT925338",2,1,0
617,"MAT980721",2,1,0
618,"MCARCASSONNE",2,1,0
619,"MGABBT360",2,1,0
620,"MGABBT54",2,1,0
621,"NGLOSC124030",2,1,0
622,"OY02",2,1,0
623,"PERSONNEL1",2,1,0
624,"PERSONNEL2",2,1,0
625,"PLACE100",2,2,0
626,"PLACE101",2,2,0
627,"PLACE102",2,2,0
628,"PLACE103",2,2,0
629,"PLACE104",2,2,0
630,"PLACE105",2,2,0
631,"PLACE106",2,2,0
632,"PLACE107",2,2,0
633,"PLACE108",2,2,0
634,"PLACE109",2,2,0
635,"PLACE110",2,2,0
636,"PLACE111",2,2,0
637,"PLACE112",2,2,0
638,"PLACE113",2,2,0
639,"PLACE114",2,2,0
640,"PLACE115",2,2,0
641,"PLACE116",2,2,0
642,"PLACE117",2,2,0
643,"PLACE118",2,2,0
644,"PLACE119",2,2,0
645,"PLACE120",2,2,0
646,"PLACE121",2,2,0
647,"PLACE122",2,2,0
648,"PLACE123",2,2,0
649,"PLACE124",2,2,0
650,"PLACE125",2,2,0
651,"PLACE126",2,2,0
652,"PLACE127",2,2,0
653,"PLACE128",2,2,0
654,"PLACE129",2,2,0
655,"PLACE130",2,2,0
656,"PLACE131",2,2,0
657,"PLACE132",2,2,0
658,"PLACE133",2,2,0
659,"PLACE134",2,2,0
660,"PLACE135",2,2,0
661,"PLACE136",2,2,0
662,"PLACE137",2,2,0
663,"PLACE138",2,2,0
664,"PLACE139",2,2,0
665,"PLACE140",2,2,0
666,"PLACE141",2,2,0
667,"PLACE142",2,2,0
668,"PLACE143",2,2,0
669,"PLACE144",2,2,0
670,"PLACE145",2,2,0
671,"PLACE146",2,2,0
672,"PLACE147",2,2,0
673,"PLACE148",2,2,0
674,"PLACE149",2,2,0
675,"PLACE150",2,2,0
676,"PLACE151",2,2,0
677,"PLACE152",2,2,0
678,"PLACE153",2,2,0
679,"PLACE154",2,2,0
680,"PLACE155",2,2,0
681,"PLACE156",2,2,0
682,"PLACE157",2,2,0
683,"PLACE158",2,2,0
684,"PLACE159",2,2,0
685,"PLACE160",2,2,0
686,"PLACE161",2,2,0
687,"PLACE162",2,2,0
688,"PLACE1A008",2,2,0
689,"PLACE1A009",2,2,0
690,"PLACE1A010",2,2,0
691,"PLACE1A011",2,2,0
692,"PLACE1A012",2,2,0
693,"PLACE1B031",2,2,0
694,"PLACE1B032",2,2,0
695,"PLACE1B033",2,2,0
696,"PLACE1B034",2,2,0
697,"PLACE1B035",2,2,0
698,"PLACE1B036",2,2,0
699,"PLACE1B037",2,2,0
700,"PLACE1B038",2,2,0
701,"PLACE1B039",2,2,0
702,"PLACE1B040",2,2,0
703,"PLACE1B041",2,2,0
704,"PLACE1B042",2,2,0
705,"PLACE1C070",2,2,0
706,"PLACE1C071",2,2,0
707,"PLACE1C072",2,2,0
708,"PLACE1C073",2,2,0
709,"PLACE1C074",2,2,0
710,"PLACE1C075",2,2,0
711,"PLACE1C101",2,2,0
712,"PLACE1C102",2,2,0
713,"PLACE1C103",2,2,0
714,"PLACE1C104",2,2,0
715,"PLACE1C105",2,2,0
716,"PLACE1C106",2,2,0
717,"PLACE1C107",2,2,0
718,"PLACE1C108",2,2,0
719,"PLACE1C109",2,2,0
720,"PLACE1C110",2,2,0
721,"PLACE74",2,2,0
722,"PLACE75",2,2,0
723,"PLACE76",2,2,0
724,"PLACE77",2,2,0
725,"PLACE78",2,2,0
726,"PLACE79",2,2,0
727,"PLACE80",2,2,0
728,"PLACE81",2,2,0
729,"PLACE82",2,2,0
730,"PLACE83",2,2,0
731,"PLACE84",2,2,0
732,"PLACE85",2,2,0
733,"PLACE86",2,2,0
734,"PLACE87",2,2,0
735,"PLACE88",2,2,0
736,"PLACE89",2,2,0
737,"PLACE90",2,2,0
738,"PLACE91",2,2,0
739,"PLACE92",2,2,0
740,"PLACE93",2,2,0
741,"PLACE94",2,2,0
742,"PLACE95",2,2,0
743,"PLACE96",2,2,0
744,"PLACE97",2,2,0
745,"PLACE98",2,2,0
746,"PLACE99",2,2,0
747,"PPS5721",2,1,0
748,"S34",2,1,0
749,"S56",2,1,0
750,"T365IT103240",2,1,0
751,"T365IT128223",2,1,0
752,"T365IT148230",2,1,0
753,"T54IT1391806",2,1,0
754,"T54IT1401800",2,1,0
755,"T54IT1401801",2,1,0
756,"TAO2064",2,1,0
757,"TAO2065",2,1,0
758,"TAO2066",2,1,0
759,"TAO2067",2,1,0
760,"TAO2069",2,1,0
761,"TAO2070",2,1,0
762,"TAO2071",2,1,0
763,"TAO2072",2,1,0
764,"TAO2073",2,1,0
765,"TAO2074",2,1,0
766,"TAO2152",2,1,0
767,"TPLMCARCASSO",2,1,0
768,"WOX1473",2,1,0
769,"Y2P178100075",2,1,0
770,"YIA9263",2,1,0
771,"0017",1,1,0
772,"0018",1,1,0
773,"0018DOMESTIC",1,1,0
774,"0019",1,1,0
775,"0019DOMESTIC",1,1,0
776,"0033",1,1,0
777,"0034",1,1,0
778,"0034DOMESTIC",1,1,0
779,"0048",1,1,0
780,"0048DOMESTIC",1,1,0
781,"0049",1,1,0
782,"0050",1,1,0
783,"0051",1,1,0
784,"0051DOMESTIC",1,1,0
785,"0052",1,1,0
786,"0055",1,1,0
787,"0055DOMESTIC",1,1,0
788,"0056",1,1,0
789,"0057",1,1,0
790,"0057DOMESTIC",1,1,0
791,"01DC150",1,1,0
792,"05ACS07",1,1,0
793,"07ACS07",1,1,0
794,"09DC180",1,1,0
795,"101101011",1,1,0
796,"101101012",1,1,0
797,"101101021",1,1,0
798,"101101022",1,1,0
799,"101101031",1,1,0
800,"101101032",1,1,0
801,"101101041",1,1,0
802,"101101042",1,1,0
803,"101101051",1,1,0
804,"101101052",1,1,0
805,"101101061",1,1,0
806,"101101062",1,1,0
807,"101101071",1,1,0
808,"101101072",1,1,0
809,"101102011",1,1,0
810,"101102012",1,1,0
811,"101102021",1,1,0
812,"101102022",1,1,0
813,"101102031",1,1,0
814,"101102032",1,1,0
815,"101102041",1,1,0
816,"101102042",1,1,0
817,"101102051",1,1,0
818,"101102052",1,1,0
819,"101102061",1,1,0
820,"101102062",1,1,0
821,"101102071",1,1,0
822,"101102072",1,1,0
823,"101102081",1,1,0
824,"101102082",1,1,0
825,"101102091",1,1,0
826,"101102092",1,1,0
827,"101103011",1,1,0
828,"101103012",1,1,0
829,"101103021",1,1,0
830,"101103022",1,1,0
831,"101103031",1,1,0
832,"101103032",1,1,0
833,"101103041",1,1,0
834,"101103042",1,1,0
835,"101103051",1,1,0
836,"101103052",1,1,0
837,"101103061",1,1,0
838,"101103062",1,1,0
839,"101104011",1,1,0
840,"101104012",1,1,0
841,"101104021",1,1,0
842,"101104022",1,1,0
843,"101104031",1,1,0
844,"101104032",1,1,0
845,"101104041",1,1,0
846,"101104042",1,1,0
847,"101104051",1,1,0
848,"101104052",1,1,0
849,"101104061",1,1,0
850,"101104062",1,1,0
851,"101105011",1,1,0
852,"101105012",1,1,0
853,"101105021",1,1,0
854,"101105022",1,1,0
855,"101105031",1,1,0
856,"101105032",1,1,0
857,"101105041",1,1,0
858,"101105042",1,1,0
859,"101105051",1,1,0
860,"101105052",1,1,0
861,"101106011",1,1,0
862,"101106012",1,1,0
863,"101106021",1,1,0
864,"101106022",1,1,0
865,"101106031",1,1,0
866,"101106032",1,1,0
867,"101106041",1,1,0
868,"101106042",1,1,0
869,"101106051",1,1,0
870,"101106052",1,1,0
871,"101107011",1,1,0
872,"101107012",1,1,0
873,"101107021",1,1,0
874,"101107022",1,1,0
875,"101107031",1,1,0
876,"101107032",1,1,0
877,"101107041",1,1,0
878,"101107042",1,1,0
879,"101107051",1,1,0
880,"101107052",1,1,0
881,"101108011",1,1,0
882,"101108012",1,1,0
883,"101108021",1,1,0
884,"101108022",1,1,0
885,"101108031",1,1,0
886,"101108032",1,1,0
887,"101108041",1,1,0
888,"101108042",1,1,0
889,"101108051",1,1,0
890,"101108052",1,1,0
891,"101108061",1,1,0
892,"101108062",1,1,0
893,"101108071",1,1,0
894,"101108072",1,1,0
895,"101109011",1,1,0
896,"101109012",1,1,0
897,"101109021",1,1,0
898,"101109022",1,1,0
899,"101109031",1,1,0
900,"101109032",1,1,0
901,"101109041",1,1,0
902,"101109042",1,1,0
903,"101109051",1,1,0
904,"101109052",1,1,0
905,"101109061",1,1,0
906,"101109062",1,1,0
907,"101109071",1,1,0
908,"101109072",1,1,0
909,"101110011",1,1,0
910,"101110012",1,1,0
911,"101110021",1,1,0
912,"101110022",1,1,0
913,"101110031",1,1,0
914,"101110032",1,1,0
915,"101110041",1,1,0
916,"101110042",1,1,0
917,"101110051",1,1,0
918,"101110052",1,1,0
919,"101110061",1,1,0
920,"101110062",1,1,0
921,"101111011",1,1,0
922,"101111012",1,1,0
923,"101111021",1,1,0
924,"101111022",1,1,0
925,"101111031",1,1,0
926,"101111032",1,1,0
927,"101111041",1,1,0
928,"101111042",1,1,0
929,"101111051",1,1,0
930,"101111052",1,1,0
931,"101111061",1,1,0
932,"101111062",1,1,0
933,"101111071",1,1,0
934,"101111072",1,1,0
935,"101111081",1,1,0
936,"101111082",1,1,0
937,"101111091",1,1,0
938,"101111092",1,1,0
939,"101112011",1,1,0
940,"101112012",1,1,0
941,"101112021",1,1,0
942,"101112022",1,1,0
943,"101112031",1,1,0
944,"101112032",1,1,0
945,"101112041",1,1,0
946,"101112042",1,1,0
947,"101112051",1,1,0
948,"101112052",1,1,0
949,"101112061",1,1,0
950,"101112062",1,1,0
951,"101112071",1,1,0
952,"101112072",1,1,0
953,"101113011",1,1,0
954,"101113012",1,1,0
955,"101113021",1,1,0
956,"101113022",1,1,0
957,"101113031",1,1,0
958,"101113032",1,1,0
959,"101113041",1,1,0
960,"101113042",1,1,0
961,"101113051",1,1,0
962,"101113052",1,1,0
963,"101113061",1,1,0
964,"101113062",1,1,0
965,"101113071",1,1,0
966,"101113072",1,1,0
967,"101114011",1,1,0
968,"101114012",1,1,0
969,"101114021",1,1,0
970,"101114022",1,1,0
971,"101114031",1,1,0
972,"101114032",1,1,0
973,"101114041",1,1,0
974,"101114042",1,1,0
975,"101114051",1,1,0
976,"101114052",1,1,0
977,"101114061",1,1,0
978,"101114062",1,1,0
979,"101114071",1,1,0
980,"101114072",1,1,0
981,"101114081",1,1,0
982,"101114082",1,1,0
983,"101114091",1,1,0
984,"101114092",1,1,0
985,"101115011",1,1,0
986,"101115012",1,1,0
987,"101115021",1,1,0
988,"101115022",1,1,0
989,"101115031",1,1,0
990,"101115032",1,1,0
991,"101115041",1,1,0
992,"101115042",1,1,0
993,"101115051",1,1,0
994,"101115052",1,1,0
995,"101115061",1,1,0
996,"101115062",1,1,0
997,"101115071",1,1,0
998,"101115072",1,1,0
999,"101116011",1,1,0
1000,"101116012",1,1,0
1001,"101116021",1,1,0
1002,"101116022",1,1,0
1003,"101116031",1,1,0
1004,"101116032",1,1,0
1005,"101116041",1,1,0
1006,"101116042",1,1,0
1007,"101116051",1,1,0
1008,"101116052",1,1,0
1009,"101116061",1,1,0
1010,"101116062",1,1,0
1011,"101116071",1,1,0
1012,"101116072",1,1,0
1013,"1016",1,1,0
1014,"1017",1,1,0
1015,"1018",1,1,0
1016,"1019",1,1,0
1017,"1020",1,1,0
1018,"1021",1,1,0
1019,"1022",1,1,0
1020,"1023",1,1,0
1021,"1023DOMESTIC",1,1,0
1022,"1024",1,1,0
1023,"1025",1,1,0
1024,"1025DOMESTIC",1,1,0
1025,"104101011",1,1,0
1026,"104101012",1,1,0
1027,"104101021",1,1,0
1028,"104101022",1,1,0
1029,"104101031",1,1,0
1030,"104101032",1,1,0
1031,"104101041",1,1,0
1032,"104101042",1,1,0
1033,"104101051",1,1,0
1034,"104101052",1,1,0
1035,"104101061",1,1,0
1036,"104101062",1,1,0
1037,"104101071",1,1,0
1038,"104101072",1,1,0
1039,"104101081",1,1,0
1040,"104101082",1,1,0
1041,"104101091",1,1,0
1042,"104101092",1,1,0
1043,"104101093",1,1,0
1044,"104101101",1,1,0
1045,"104101102",1,1,0
1046,"104101103",1,1,0
1047,"104101111",1,1,0
1048,"104101112",1,1,0
1049,"104101113",1,1,0
1050,"104101121",1,1,0
1051,"104101122",1,1,0
1052,"104102011",1,1,0
1053,"104102012",1,1,0
1054,"104102013",1,1,0
1055,"104102021",1,1,0
1056,"104102022",1,1,0
1057,"104102023",1,1,0
1058,"104102031",1,1,0
1059,"104102032",1,1,0
1060,"104102041",1,1,0
1061,"104102042",1,1,0
1062,"104102051",1,1,0
1063,"104102052",1,1,0
1064,"104102061",1,1,0
1065,"104102062",1,1,0
1066,"104102071",1,1,0
1067,"104102072",1,1,0
1068,"104102081",1,1,0
1069,"104102082",1,1,0
1070,"104102091",1,1,0
1071,"104102092",1,1,0
1072,"104103011",1,1,0
1073,"104103012",1,1,0
1074,"104103021",1,1,0
1075,"104103022",1,1,0
1076,"104103031",1,1,0
1077,"104103032",1,1,0
1078,"104103041",1,1,0
1079,"104103042",1,1,0
1080,"104103051",1,1,0
1081,"104103052",1,1,0
1082,"104103061",1,1,0
1083,"104103062",1,1,0
1084,"104103071",1,1,0
1085,"104103072",1,1,0
1086,"104104011",1,1,0
1087,"104104012",1,1,0
1088,"104104021",1,1,0
1089,"104104022",1,1,0
1090,"104104031",1,1,0
1091,"104104032",1,1,0
1092,"104104041",1,1,0
1093,"104104042",1,1,0
1094,"104104051",1,1,0
1095,"104104052",1,1,0
1096,"104104061",1,1,0
1097,"104104062",1,1,0
1098,"104104063",1,1,0
1099,"104104071",1,1,0
1100,"104104072",1,1,0
1101,"104104073",1,1,0
1102,"104105011",1,1,0
1103,"104105012",1,1,0
1104,"104105013",1,1,0
1105,"104105021",1,1,0
1106,"104105022",1,1,0
1107,"104105023",1,1,0
1108,"104105031",1,1,0
1109,"104105032",1,1,0
1110,"104105041",1,1,0
1111,"104105042",1,1,0
1112,"104105051",1,1,0
1113,"104105052",1,1,0
1114,"104105061",1,1,0
1115,"104105062",1,1,0
1116,"104105071",1,1,0
1117,"104105072",1,1,0
1118,"104108011",1,1,0
1119,"104108012",1,1,0
1120,"104108013",1,1,0
1121,"104108021",1,1,0
1122,"104108022",1,1,0
1123,"104108031",1,1,0
1124,"104108032",1,1,0
1125,"104108041",1,1,0
1126,"104108042",1,1,0
1127,"104108051",1,1,0
1128,"104108052",1,1,0
1129,"104108053",1,1,0
1130,"104108061",1,1,0
1131,"104108062",1,1,0
1132,"104108071",1,1,0
1133,"104108072",1,1,0
1134,"104108073",1,1,0
1135,"104108081",1,1,0
1136,"104108082",1,1,0
1137,"104109011",1,1,0
1138,"104109012",1,1,0
1139,"104109021",1,1,0
1140,"104109022",1,1,0
1141,"104109031",1,1,0
1142,"104109032",1,1,0
1143,"104109041",1,1,0
1144,"104109042",1,1,0
1145,"104109051",1,1,0
1146,"104109052",1,1,0
1147,"104109061",1,1,0
1148,"104109062",1,1,0
1149,"104109071",1,1,0
1150,"104109072",1,1,0
1151,"104110011",1,1,0
1152,"104110012",1,1,0
1153,"104110021",1,1,0
1154,"104110022",1,1,0
1155,"104110031",1,1,0
1156,"104110032",1,1,0
1157,"104110041",1,1,0
1158,"104110042",1,1,0
1159,"104110051",1,1,0
1160,"104110052",1,1,0
1161,"104110061",1,1,0
1162,"104110062",1,1,0
1163,"104110071",1,1,0
1164,"104110072",1,1,0
1165,"104111011",1,1,0
1166,"104111012",1,1,0
1167,"104111021",1,1,0
1168,"104111022",1,1,0
1169,"104111031",1,1,0
1170,"104111032",1,1,0
1171,"104111041",1,1,0
1172,"104111042",1,1,0
1173,"104111043",1,1,0
1174,"104111051",1,1,0
1175,"104111052",1,1,0
1176,"104111053",1,1,0
1177,"104112011",1,1,0
1178,"104112012",1,1,0
1179,"104112021",1,1,0
1180,"104112022",1,1,0
1181,"104112031",1,1,0
1182,"104112032",1,1,0
1183,"104112041",1,1,0
1184,"104112042",1,1,0
1185,"104112051",1,1,0
1186,"104112052",1,1,0
1187,"104112053",1,1,0
1188,"104112061",1,1,0
1189,"104112062",1,1,0
1190,"104112063",1,1,0
1191,"104113011",1,1,0
1192,"104113012",1,1,0
1193,"104113013",1,1,0
1194,"104113021",1,1,0
1195,"104113022",1,1,0
1196,"104113023",1,1,0
1197,"104113031",1,1,0
1198,"104113032",1,1,0
1199,"104113041",1,1,0
1200,"104113042",1,1,0
1201,"104113051",1,1,0
1202,"104113052",1,1,0
1203,"104113061",1,1,0
1204,"104113062",1,1,0
1205,"104113071",1,1,0
1206,"104113072",1,1,0
1207,"104114021",1,1,0
1208,"104114022",1,1,0
1209,"104114031",1,1,0
1210,"104114032",1,1,0
1211,"104114041",1,1,0
1212,"104114042",1,1,0
1213,"104114051",1,1,0
1214,"104114052",1,1,0
1215,"104114061",1,1,0
1216,"104114062",1,1,0
1217,"104114071",1,1,0
1218,"104114072",1,1,0
1219,"104114081",1,1,0
1220,"104114082",1,1,0
1221,"1052",1,1,0
1222,"1053",1,1,0
1223,"1054",1,1,0
1224,"1055",1,1,0
1225,"1056",1,1,0
1226,"1057",1,1,0
1227,"1058",1,1,0
1228,"1059",1,1,0
1229,"1060",1,1,0
1230,"1060DOMESTIC",1,1,0
1231,"1061",1,1,0
1232,"1072",1,1,0
1233,"1072DOMESTIC",1,1,0
1234,"1073",1,1,0
1235,"1074",1,1,0
1236,"1075",1,1,0
1237,"1076",1,1,0
1238,"1077",1,1,0
1239,"1078",1,1,0
1240,"1079",1,1,0
1241,"1080",1,1,0
1242,"121026011",1,1,0
1243,"121026012",1,1,0
1244,"121026013",1,1,0
1245,"121026014",1,1,0
1246,"122011011",1,1,0
1247,"122011012",1,1,0
1248,"122011021",1,1,0
1249,"122011022",1,1,0
1250,"122011031",1,1,0
1251,"122011032",1,1,0
1252,"122011041",1,1,0
1253,"122011042",1,1,0
1254,"122011051",1,1,0
1255,"122011052",1,1,0
1256,"122011061",1,1,0
1257,"122011062",1,1,0
1258,"122011071",1,1,0
1259,"122011072",1,1,0
1260,"122017011",1,1,0
1261,"122017012",1,1,0
1262,"122017021",1,1,0
1263,"122017022",1,1,0
1264,"122017031",1,1,0
1265,"122017032",1,1,0
1266,"122017041",1,1,0
1267,"122017042",1,1,0
1268,"122017051",1,1,0
1269,"122017052",1,1,0
1270,"122017061",1,1,0
1271,"122017062",1,1,0
1272,"122020011",1,1,0
1273,"122020012",1,1,0
1274,"122020021",1,1,0
1275,"122020022",1,1,0
1276,"122020031",1,1,0
1277,"122020032",1,1,0
1278,"122020041",1,1,0
1279,"122020042",1,1,0
1280,"122020051",1,1,0
1281,"122020052",1,1,0
1282,"122020061",1,1,0
1283,"122020062",1,1,0
1284,"122020071",1,1,0
1285,"122020072",1,1,0
1286,"122029011",1,1,0
1287,"122029012",1,1,0
1288,"122029021",1,1,0
1289,"122029022",1,1,0
1290,"122029031",1,1,0
1291,"122029032",1,1,0
1292,"122029041",1,1,0
1293,"122029042",1,1,0
1294,"122029051",1,1,0
1295,"122029052",1,1,0
1296,"122029061",1,1,0
1297,"122029062",1,1,0
1298,"122029071",1,1,0
1299,"122029072",1,1,0
1300,"122034011",1,1,0
1301,"122034012",1,1,0
1302,"122034021",1,1,0
1303,"122034022",1,1,0
1304,"122034031",1,1,0
1305,"122034032",1,1,0
1306,"122034041",1,1,0
1307,"122034042",1,1,0
1308,"122034051",1,1,0
1309,"122034052",1,1,0
1310,"122034061",1,1,0
1311,"122034062",1,1,0
1312,"122034071",1,1,0
1313,"122034072",1,1,0
1314,"122037011",1,1,0
1315,"1220370110",1,1,0
1316,"1220370111",1,1,0
1317,"1220370112",1,1,0
1318,"122037012",1,1,0
1319,"122037013",1,1,0
1320,"122037014",1,1,0
1321,"122037015",1,1,0
1322,"122037016",1,1,0
1323,"122037017",1,1,0
1324,"122037018",1,1,0
1325,"122037019",1,1,0
1326,"122040011",1,1,0
1327,"122040012",1,1,0
1328,"122040021",1,1,0
1329,"122040022",1,1,0
1330,"122040031",1,1,0
1331,"122040032",1,1,0
1332,"122040041",1,1,0
1333,"122040042",1,1,0
1334,"122040051",1,1,0
1335,"122040052",1,1,0
1336,"122040061",1,1,0
1337,"122040062",1,1,0
1338,"122040071",1,1,0
1339,"122040072",1,1,0
1340,"122041011",1,1,0
1341,"122041012",1,1,0
1342,"122041021",1,1,0
1343,"122041022",1,1,0
1344,"122041031",1,1,0
1345,"122041032",1,1,0
1346,"122041041",1,1,0
1347,"122041042",1,1,0
1348,"122041051",1,1,0
1349,"122041052",1,1,0
1350,"122041061",1,1,0
1351,"122041062",1,1,0
1352,"122041071",1,1,0
1353,"122041072",1,1,0
1354,"122042011",1,1,0
1355,"122042012",1,1,0
1356,"122042021",1,1,0
1357,"122042022",1,1,0
1358,"122042031",1,1,0
1359,"122042032",1,1,0
1360,"122042041",1,1,0
1361,"122042042",1,1,0
1362,"122042051",1,1,0
1363,"122042052",1,1,0
1364,"122042061",1,1,0
1365,"122042062",1,1,0
1366,"122043011",1,1,0
1367,"122043012",1,1,0
1368,"122043021",1,1,0
1369,"122043022",1,1,0
1370,"122043031",1,1,0
1371,"122043032",1,1,0
1372,"122043041",1,1,0
1373,"122043042",1,1,0
1374,"122043051",1,1,0
1375,"122043052",1,1,0
1376,"122043061",1,1,0
1377,"122043062",1,1,0
1378,"122043071",1,1,0
1379,"122043072",1,1,0
1380,"122045011",1,1,0
1381,"122045012",1,1,0
1382,"122045021",1,1,0
1383,"122045022",1,1,0
1384,"122045031",1,1,0
1385,"122045032",1,1,0
1386,"122045041",1,1,0
1387,"122045042",1,1,0
1388,"122045051",1,1,0
1389,"122045052",1,1,0
1390,"122045061",1,1,0
1391,"122045062",1,1,0
1392,"122045071",1,1,0
1393,"122045072",1,1,0
1394,"122047011",1,1,0
1395,"122047012",1,1,0
1396,"122047021",1,1,0
1397,"122047022",1,1,0
1398,"122047031",1,1,0
1399,"122047032",1,1,0
1400,"122047041",1,1,0
1401,"122047042",1,1,0
1402,"122047051",1,1,0
1403,"122047052",1,1,0
1404,"122047061",1,1,0
1405,"122047062",1,1,0
1406,"122048011",1,1,0
1407,"122048012",1,1,0
1408,"122048021",1,1,0
1409,"122048022",1,1,0
1410,"122048031",1,1,0
1411,"122048032",1,1,0
1412,"122048041",1,1,0
1413,"122048042",1,1,0
1414,"122048051",1,1,0
1415,"122048052",1,1,0
1416,"122048061",1,1,0
1417,"122048062",1,1,0
1418,"122048071",1,1,0
1419,"122048072",1,1,0
1420,"122049011",1,1,0
1421,"122049012",1,1,0
1422,"122049021",1,1,0
1423,"122049022",1,1,0
1424,"122049031",1,1,0
1425,"122049032",1,1,0
1426,"122049041",1,1,0
1427,"122049042",1,1,0
1428,"122049051",1,1,0
1429,"122049052",1,1,0
1430,"122049061",1,1,0
1431,"122049062",1,1,0
1432,"122049071",1,1,0
1433,"122049072",1,1,0
1434,"122055011",1,1,0
1435,"122055012",1,1,0
1436,"122055021",1,1,0
1437,"122055022",1,1,0
1438,"122055031",1,1,0
1439,"122055032",1,1,0
1440,"122055041",1,1,0
1441,"122055042",1,1,0
1442,"122055051",1,1,0
1443,"122055052",1,1,0
1444,"122055061",1,1,0
1445,"122055062",1,1,0
1446,"122055071",1,1,0
1447,"122055072",1,1,0
1448,"122056011",1,1,0
1449,"122056012",1,1,0
1450,"122056021",1,1,0
1451,"122056022",1,1,0
1452,"122056031",1,1,0
1453,"122056032",1,1,0
1454,"122056041",1,1,0
1455,"122056042",1,1,0
1456,"122056051",1,1,0
1457,"122056052",1,1,0
1458,"122056061",1,1,0
1459,"122056062",1,1,0
1460,"122056071",1,1,0
1461,"122056072",1,1,0
1462,"122056081",1,1,0
1463,"122056082",1,1,0
1464,"122056091",1,1,0
1465,"122056092",1,1,0
1466,"122057011",1,1,0
1467,"122057012",1,1,0
1468,"122057021",1,1,0
1469,"122057022",1,1,0
1470,"122057031",1,1,0
1471,"122057032",1,1,0
1472,"122057041",1,1,0
1473,"122057042",1,1,0
1474,"122057051",1,1,0
1475,"122057052",1,1,0
1476,"122057061",1,1,0
1477,"122057062",1,1,0
1478,"122057071",1,1,0
1479,"122057072",1,1,0
1480,"122059011",1,1,0
1481,"122059012",1,1,0
1482,"122059021",1,1,0
1483,"122059022",1,1,0
1484,"122059031",1,1,0
1485,"122059032",1,1,0
1486,"122059041",1,1,0
1487,"122059042",1,1,0
1488,"122059051",1,1,0
1489,"122059052",1,1,0
1490,"122059061",1,1,0
1491,"122059062",1,1,0
1492,"122059071",1,1,0
1493,"122059072",1,1,0
1494,"122093011",1,1,0
1495,"122093012",1,1,0
1496,"122093013",1,1,0
1497,"122093014",1,1,0
1498,"122093015",1,1,0
1499,"122093016",1,1,0
1500,"122093021",1,1,0
1501,"122093022",1,1,0
1502,"122093023",1,1,0
1503,"122093024",1,1,0
1504,"122093025",1,1,0
1505,"122093026",1,1,0
1506,"122101041",1,1,0
1507,"122101042",1,1,0
1508,"122243011",1,1,0
1509,"122243012",1,1,0
1510,"122243021",1,1,0
1511,"122243022",1,1,0
1512,"122243031",1,1,0
1513,"122243032",1,1,0
1514,"122243041",1,1,0
1515,"122243042",1,1,0
1516,"122243051",1,1,0
1517,"122243052",1,1,0
1518,"122243061",1,1,0
1519,"122243062",1,1,0
1520,"122243071",1,1,0
1521,"122243072",1,1,0
1522,"122244011",1,1,0
1523,"122244012",1,1,0
1524,"122244021",1,1,0
1525,"122244022",1,1,0
1526,"122244031",1,1,0
1527,"122244032",1,1,0
1528,"122244041",1,1,0
1529,"122244042",1,1,0
1530,"122244051",1,1,0
1531,"122244052",1,1,0
1532,"122244061",1,1,0
1533,"122244062",1,1,0
1534,"122KWDROIT",1,1,0
1535,"122KWGAUCHE",1,1,0
1536,"123015011",1,1,0
1537,"1230150110",1,1,0
1538,"123015012",1,1,0
1539,"123015013",1,1,0
1540,"123015014",1,1,0
1541,"123015015",1,1,0
1542,"123015016",1,1,0
1543,"123015017",1,1,0
1544,"123015018",1,1,0
1545,"123015019",1,1,0
1546,"123015021",1,1,0
1547,"123015022",1,1,0
1548,"123015023",1,1,0
1549,"123015024",1,1,0
1550,"123015025",1,1,0
1551,"123015026",1,1,0
1552,"123015027",1,1,0
1553,"123015028",1,1,0
1554,"123015031",1,1,0
1555,"123015032",1,1,0
1556,"123015033",1,1,0
1557,"123015034",1,1,0
1558,"123015035",1,1,0
1559,"123015036",1,1,0
1560,"123015037",1,1,0
1561,"123015038",1,1,0
1562,"123015041",1,1,0
1563,"1230150410",1,1,0
1564,"123015042",1,1,0
1565,"123015043",1,1,0
1566,"123015044",1,1,0
1567,"123015045",1,1,0
1568,"123015046",1,1,0
1569,"123015047",1,1,0
1570,"123015048",1,1,0
1571,"123015049",1,1,0
1572,"123015051",1,1,0
1573,"123015052",1,1,0
1574,"123015053",1,1,0
1575,"123015054",1,1,0
1576,"123015055",1,1,0
1577,"123015056",1,1,0
1578,"123015057",1,1,0
1579,"123015058",1,1,0
1580,"123015061",1,1,0
1581,"123015062",1,1,0
1582,"123015063",1,1,0
1583,"123015064",1,1,0
1584,"123015065",1,1,0
1585,"123015066",1,1,0
1586,"123015067",1,1,0
1587,"123015068",1,1,0
1588,"124001011",1,1,0
1589,"124001012",1,1,0
1590,"124001021",1,1,0
1591,"124001022",1,1,0
1592,"124001031",1,1,0
1593,"124001032",1,1,0
1594,"124001041",1,1,0
1595,"124001042",1,1,0
1596,"1ABBTAC7",1,1,0
1597,"21",1,1,0
1598,"22",1,1,0
1599,"222KWDROIT",1,1,0
1600,"222KWGAUCHE",1,1,0
1601,"23",1,1,0
1602,"24",1,1,0
1603,"25",1,1,0
1604,"26",1,1,0
1605,"27",1,1,0
1606,"28",1,1,0
1607,"29",1,1,0
1608,"2ABBTAC7",1,1,0
1609,"30",1,1,0
1610,"31",1,1,0
1611,"32",1,1,0
1612,"322KWDROIT",1,1,0
1613,"322KWGAUCHE",1,1,0
1614,"33",1,1,0
1615,"34",1,1,0
1616,"35",1,1,0
1617,"36",1,1,0
1618,"3ABBTAC7",1,1,0
1619,"422KWDROIT",1,1,0
1620,"422KWGAUCHE",1,1,0
1621,"4ABBTAC7",1,1,0
1622,"5ABBTAC7",1,1,0
1623,"6ABBTAC7",1,1,0
1624,"78000A103",1,1,0
1625,"8",1,1,0
1626,"9",1,1,0
1627,"A",1,1,0
1628,"A1T54",1,1,0
1629,"A2432548709",1,1,0
1630,"A2T54",1,1,0
1631,"A3T54",1,1,0
1632,"ABAN1",1,1,0
1633,"ABBA1",1,1,0
1634,"ABDE1",1,1,0
1635,"ABDO1",1,1,0
1636,"ACE0572371",1,1,0
1637,"ACE0737117",1,1,0
1638,"ACE0756008AC",1,1,0
1639,"ACE0756016",1,1,0
1640,"ACV8181",1,1,0
1641,"ADAMC3240302",1,1,0
1642,"ADMINISTRATI",1,1,0
1643,"AE0022H1GP4C",1,1,0
1644,"AFK1531",1,1,0
1645,"AFK1532",1,1,0
1646,"AFT6351",1,1,0
1647,"AFT6352",1,1,0
1648,"AFT6353",1,1,0
1649,"AFT6354",1,1,0
1650,"AGENCE0",1,1,0
1651,"AOC0151",1,1,0
1652,"ARFDA",1,1,0
1653,"ASV09010",1,1,0
1654,"ASV09011",1,1,0
1655,"ASV0909",1,1,0
1656,"BGL1241",1,1,0
1657,"BGL1242",1,1,0
1658,"BHXEMW",1,1,0
1659,"BKU4691",1,1,0
1660,"BKU4692",1,1,0
1661,"BKU4693",1,1,0
1662,"BL1",1,1,0
1663,"BL2",1,1,0
1664,"BORNE01X4",1,1,0
1665,"BORNE04X3",1,1,0
1666,"BORNE05X3",1,1,0
1667,"BORNE06X2",1,1,0
1668,"BORNE06X3",1,1,0
1669,"BORNE1",1,1,0
1670,"BORNE2",1,1,0
1671,"BORNE3",1,1,0
1672,"BORNE4",1,1,0
1673,"BRN0331",1,1,0
1674,"BRN0332",1,1,0
1675,"BTA1311",1,1,0
1676,"C",1,1,0
1677,"CARVITRYITIN",1,1,0
1678,"CCS25KWDC",1,1,0
1679,"CHSCHEENBV51",1,1,0
1680,"CHSCHEGGWY59",1,1,0
1681,"CHSCHETLOX56",1,1,0
1682,"CNB3231",1,1,0
1683,"CNB3233",1,1,0
1684,"CONNECTEUR1",1,1,0
1685,"CONNECTEUR2",1,1,0
1686,"CONNECTEUR3",1,1,0
1687,"CONNECTEUR4",1,1,0
1688,"CUB6221",1,1,0
1689,"CUB6222",1,1,0
1690,"CUB6223",1,1,0
1691,"CUB6224",1,1,0
1692,"CUB6225",1,1,0
1693,"CUB6226",1,1,0
1694,"CUB6227",1,1,0
1695,"CUB6228",1,1,0
1696,"CXE2711",1,1,0
1697,"CXE2712",1,1,0
1698,"CXE2713",1,1,0
1699,"D",1,1,0
1700,"DCF4281",1,1,0
1701,"DCF4282",1,1,0
1702,"DD2NKI",1,1,0
1703,"DEARTMEY0011",1,1,0
1704,"DEARTMEY0012",1,1,0
1705,"DEARTMEY0013",1,1,0
1706,"DEARTMEY0021",1,1,0
1707,"DEARTMEY0023",1,1,0
1708,"DEARTMEY0031",1,1,0
1709,"DEARTMEY0033",1,1,0
1710,"DEARTMEY0041",1,1,0
1711,"DEARTMEY0043",1,1,0
1712,"DEDEQETP0011",1,1,0
1713,"DEDEQETP0012",1,1,0
1714,"DEDEQETP0013",1,1,0
1715,"DEDEQETP0021",1,1,0
1716,"DEDEQETP0023",1,1,0
1717,"DEDEQETP0031",1,1,0
1718,"DEDEQETP0033",1,1,0
1719,"DEENZBRT0011",1,1,0
1720,"DEENZBRT0012",1,1,0
1721,"DEENZBRT0013",1,1,0
1722,"DEENZBRT0021",1,1,0
1723,"DEENZBRT0023",1,1,0
1724,"DEGVHFSD0011",1,1,0
1725,"DEGVHFSD0012",1,1,0
1726,"DEGVHFSD0013",1,1,0
1727,"DEGVHFSD0021",1,1,0
1728,"DEGVHFSD0023",1,1,0
1729,"DEGVHNOL0012",1,1,0
1730,"DEGVHNOL0013",1,1,0
1731,"DEGVHNOL0021",1,1,0
1732,"DEGVHNOL0023",1,1,0
1733,"DEGVHNOL0031",1,1,0
1734,"DEGVHNOL0033",1,1,0
1735,"DEGVHSBG0011",1,1,0
1736,"DEGVHSBG0012",1,1,0
1737,"DEGVHSBG0013",1,1,0
1738,"DEGVHSBG0021",1,1,0
1739,"DEGVHSBG0023",1,1,0
1740,"DEVJGJGR0011",1,1,0
1741,"DEVJGJGR0012",1,1,0
1742,"DEVJGJGR0013",1,1,0
1743,"DEVJGJGR0021",1,1,0
1744,"DEVJGJGR0023",1,1,0
1745,"DFZ8121",1,1,0
1746,"DFZ8123",1,1,0
1747,"DG1",1,1,0
1748,"DGK0301",1,1,0
1749,"DGK0302",1,1,0
1750,"DGK0303",1,1,0
1751,"DIR2751",1,1,0
1752,"DIR2753",1,1,0
1753,"DJI2291",1,1,0
1754,"DJI2292",1,1,0
1755,"DJV6997",1,1,0
1756,"DJV6998",1,1,0
1757,"DJV6999",1,1,0
1758,"DPW6401",1,1,0
1759,"DPW6402",1,1,0
1760,"DPW6403",1,1,0
1761,"DPW6404",1,1,0
1762,"DPW6405",1,1,0
1763,"DPW6406",1,1,0
1764,"DPW6407",1,1,0
1765,"DPW6408",1,1,0
1766,"DROITE",1,1,0
1767,"DROITE7",1,1,0
1768,"DWI4611",1,1,0
1769,"DWI4612",1,1,0
1770,"DXV3071",1,1,0
1771,"DXV3072",1,1,0
1772,"DXW3191",1,1,0
1773,"DXW3192",1,1,0
1774,"DYB5621",1,1,0
1775,"DYB5622",1,1,0
1776,"DYB5623",1,1,0
1777,"DYB5624",1,1,0
1778,"DYG3181",1,1,0
1779,"DYG3182",1,1,0
1780,"DYG3183",1,1,0
1781,"DYG3184",1,1,0
1782,"DZJ2242",1,1,0
1783,"E1001EF",1,1,0
1784,"E1001PMR",1,1,0
1785,"E1003",1,1,0
1786,"E1003DOMESTI",1,1,0
1787,"E1004",1,1,0
1788,"E1005",1,1,0
1789,"E1006",1,1,0
1790,"E1007",1,1,0
1791,"E1007DOMESTI",1,1,0
1792,"E1016",1,1,0
1793,"E1017",1,1,0
1794,"E1018",1,1,0
1795,"E1019",1,1,0
1796,"E1019DOMESTI",1,1,0
1797,"E1020",1,1,0
1798,"E1021",1,1,0
1799,"E1021DOMESTI",1,1,0
1800,"E135",1,1,0
1801,"E136",1,1,0
1802,"E137",1,1,0
1803,"E138",1,1,0
1804,"E139",1,1,0
1805,"E140",1,1,0
1806,"E141",1,1,0
1807,"E142",1,1,0
1808,"E143",1,1,0
1809,"E144",1,1,0
1810,"E145",1,1,0
1811,"E146",1,1,0
1812,"E147",1,1,0
1813,"E147DOMESTIC",1,1,0
1814,"E148",1,1,0
1815,"E201",1,1,0
1816,"E202",1,1,0
1817,"E203",1,1,0
1818,"E203DOMESTIC",1,1,0
1819,"E211DOMESTIC",1,1,0
1820,"E212",1,1,0
1821,"E213DOMESTIC",1,1,0
1822,"E237DOMESTIC",1,1,0
1823,"E237PMR",1,1,0
1824,"EAH8101",1,1,0
1825,"EAH8102",1,1,0
1826,"ECOE62384E62",1,1,0
1827,"EET6661",1,1,0
1828,"EET6662",1,1,0
1829,"EET6663",1,1,0
1830,"EFI6181",1,1,0
1831,"EFI6182",1,1,0
1832,"EFI6183",1,1,0
1833,"EFI6184",1,1,0
1834,"EFT1511",1,1,0
1835,"EFT1512",1,1,0
1836,"EFT1513",1,1,0
1837,"EGY0201",1,1,0
1838,"EGY0203",1,1,0
1839,"ENE9312",1,1,0
1840,"ENM8792",1,1,0
1841,"ERP8731",1,1,0
1842,"ERP8732",1,1,0
1843,"ERP8733",1,1,0
1844,"ERP8734",1,1,0
1845,"ERP8735",1,1,0
1846,"ERP8736",1,1,0
1847,"ERP8737",1,1,0
1848,"ERP8738",1,1,0
1849,"ETC2741",1,1,0
1850,"ETC2742",1,1,0
1851,"EWO8231",1,1,0
1852,"EWO8232",1,1,0
1853,"EWO8233",1,1,0
1854,"EWO8234",1,1,0
1855,"EWZ5231",1,1,0
1856,"EWZ5232",1,1,0
1857,"EXO9441",1,1,0
1858,"EXO9442",1,1,0
1859,"EXO9443",1,1,0
1860,"EXT3971",1,1,0
1861,"EXW6711",1,1,0
1862,"EYC1351",1,1,0
1863,"EYC1352",1,1,0
1864,"EYC1353",1,1,0
1865,"EYC1354",1,1,0
1866,"EYN6171",1,1,0
1867,"EYN6172",1,1,0
1868,"EYN6173",1,1,0
1869,"EYN6174",1,1,0
1870,"EYZ5721",1,1,0
1871,"EYZ5722",1,1,0
1872,"EYZ5723",1,1,0
1873,"EYZ5724",1,1,0
1874,"EZI1071",1,1,0
1875,"EZI1072",1,1,0
1876,"EZI1073",1,1,0
1877,"EZI1074",1,1,0
1878,"FCE3751",1,1,0
1879,"FEDDL",1,1,0
1880,"FEN0341",1,1,0
1881,"FEN0342",1,1,0
1882,"FEN0343",1,1,0
1883,"FEN0344",1,1,0
1884,"FEN0345",1,1,0
1885,"FEN0346",1,1,0
1886,"FEN0347",1,1,0
1887,"FEN0348",1,1,0
1888,"FGE9401",1,1,0
1889,"FGE9402",1,1,0
1890,"FGE9403",1,1,0
1891,"FGE9404",1,1,0
1892,"FGR9561",1,1,0
1893,"FGR9562",1,1,0
1894,"FGR9563",1,1,0
1895,"FGT8131",1,1,0
1896,"FGT8132",1,1,0
1897,"FGT8133",1,1,0
1898,"FGT8134",1,1,0
1899,"FGU2161",1,1,0
1900,"FGU2162",1,1,0
1901,"FGU2163",1,1,0
1902,"FGY2511",1,1,0
1903,"FGY2512",1,1,0
1904,"FGY2513",1,1,0
1905,"FGY2514",1,1,0
1906,"FHB66810",1,1,0
1907,"FHB66811",1,1,0
1908,"FHB6684",1,1,0
1909,"FHB6685",1,1,0
1910,"FHB6686",1,1,0
1911,"FHB6687",1,1,0
1912,"FHB6688",1,1,0
1913,"FHB6689",1,1,0
1914,"FLR5591",1,1,0
1915,"FLR5592",1,1,0
1916,"FLR5593",1,1,0
1917,"FLR5594",1,1,0
1918,"FPB70710",1,1,0
1919,"FPB70711",1,1,0
1920,"FPB7074",1,1,0
1921,"FPB7075",1,1,0
1922,"FPB7076",1,1,0
1923,"FPB7078",1,1,0
1924,"FPB7079",1,1,0
1925,"FRN3811",1,1,0
1926,"FRN3813",1,1,0
1927,"FRU7611",1,1,0
1928,"FRU7613",1,1,0
1929,"FUI39410",1,1,0
1930,"FUI39411",1,1,0
1931,"FUI3945",1,1,0
1932,"FUI3946",1,1,0
1933,"FUI3947",1,1,0
1934,"FUI3948",1,1,0
1935,"FUI3949",1,1,0
1936,"FVE4121",1,1,0
1937,"FVE4123",1,1,0
1938,"FYD8181",1,1,0
1939,"FYD8183",1,1,0
1940,"FZQ8681",1,1,0
1941,"FZQ8682",1,1,0
1942,"FZQ8683",1,1,0
1943,"GAL9991",1,1,0
1944,"GAL9992",1,1,0
1945,"GAL9993",1,1,0
1946,"GAUCHE",1,1,0
1947,"GAUCHE7",1,1,0
1948,"GEN2751",1,1,0
1949,"GEN2752",1,1,0
1950,"GEN2753",1,1,0
1951,"GHK2031",1,1,0
1952,"GHK2032",1,1,0
1953,"GHK2033",1,1,0
1954,"GIR5001",1,1,0
1955,"GIR5002",1,1,0
1956,"GIR5003",1,1,0
1957,"GLP6732",1,1,0
1958,"GLP6734",1,1,0
1959,"GLP6735",1,1,0
1960,"GOI2301",1,1,0
1961,"GOI2302",1,1,0
1962,"GOI2303",1,1,0
1963,"GRL9171",1,1,0
1964,"GRL9172",1,1,0
1965,"GSO4571",1,1,0
1966,"GSO4572",1,1,0
1967,"GSQ9731",1,1,0
1968,"GSQ9732",1,1,0
1969,"GSW6761",1,1,0
1970,"GSW6762",1,1,0
1971,"HAL9401",1,1,0
1972,"HAL9402",1,1,0
1973,"HAQ4861",1,1,0
1974,"HAQ4862",1,1,0
1975,"HAZ6901",1,1,0
1976,"HAZ6902",1,1,0
1977,"HAZ6903",1,1,0
1978,"HAZ6904",1,1,0
1979,"HBK6807",1,1,0
1980,"HBK6808",1,1,0
1981,"HBK6809",1,1,0
1982,"HEH1841",1,1,0
1983,"HEH1842",1,1,0
1984,"HEH1843",1,1,0
1985,"HGM7891",1,1,0
1986,"HHJ7191",1,1,0
1987,"HHJ7192",1,1,0
1988,"HHJ7193",1,1,0
1989,"HHJ7194",1,1,0
1990,"HIC4511",1,1,0
1991,"HIC4512",1,1,0
1992,"HIO5791",1,1,0
1993,"HIO5792",1,1,0
1994,"HIO5793",1,1,0
1995,"HIU1341",1,1,0
1996,"HIU1342",1,1,0
1997,"HIU1343",1,1,0
1998,"HJJ2781",1,1,0
1999,"HJJ2782",1,1,0
2000,"HJJ2783",1,1,0
2001,"HJW4821",1,1,0
2002,"HJW4822",1,1,0
2003,"HJW4823",1,1,0
2004,"HJW4824",1,1,0
2005,"HJW4825",1,1,0
2006,"HJW4826",1,1,0
2007,"HJW4827",1,1,0
2008,"HJW4828",1,1,0
2009,"HLR1031",1,1,0
2010,"HLR1032",1,1,0
2011,"HLR1033",1,1,0
2012,"HLR1034",1,1,0
2013,"HYQ5056",1,1,0
2014,"HYQ5057",1,1,0
2015,"HYQ5058",1,1,0
2016,"HYQ5059",1,1,0
2017,"IDQ3031",1,1,0
2018,"IDQ3032",1,1,0
2019,"IDQ3033",1,1,0
2020,"IGZ7261",1,1,0
2021,"IGZ7262",1,1,0
2022,"IGZ7263",1,1,0
2023,"IGZ7264",1,1,0
2024,"ILA2031",1,1,0
2025,"ILA2032",1,1,0
2026,"ILA2033",1,1,0
2027,"JAY1291",1,1,0
2028,"JAY1292",1,1,0
2029,"JCE4371",1,1,0
2030,"JCE4372",1,1,0
2031,"JFA6901",1,1,0
2032,"JFA6902",1,1,0
2033,"JFA8411",1,1,0
2034,"JFA8412",1,1,0
2035,"JFT2231",1,1,0
2036,"JFT2232",1,1,0
2037,"JFT2233",1,1,0
2038,"JFT2234",1,1,0
2039,"JFT2235",1,1,0
2040,"JFT2236",1,1,0
2041,"JFT2237",1,1,0
2042,"JFT2238",1,1,0
2043,"JGS6231",1,1,0
2044,"JGS6232",1,1,0
2045,"JGU2821",1,1,0
2046,"JGU2822",1,1,0
2047,"JIM4911",1,1,0
2048,"JIM4912",1,1,0
2049,"JIM4913",1,1,0
2050,"JIM4914",1,1,0
2051,"JPS16810",1,1,0
2052,"JPS16811",1,1,0
2053,"JPS16812",1,1,0
2054,"JQV9301",1,1,0
2055,"JUT6251",1,1,0
2056,"JUT6252",1,1,0
2057,"KCE5561",1,1,0
2058,"KCE5562",1,1,0
2059,"KDL4551",1,1,0
2060,"KDL4851",1,1,0
2061,"KDL4852",1,1,0
2062,"KDL4853",1,1,0
2063,"KDL4854",1,1,0
2064,"KDL4855",1,1,0
2065,"KDL4856",1,1,0
2066,"KDL4857",1,1,0
2067,"KDL4858",1,1,0
2068,"KED7391",1,1,0
2069,"KED7392",1,1,0
2070,"KED7393",1,1,0
2071,"KGS1661",1,1,0
2072,"KGS1662",1,1,0
2073,"KNR1451",1,1,0
2074,"KNR1452",1,1,0
2075,"KNR1453",1,1,0
2076,"KWI61910",1,1,0
2077,"KWI6197",1,1,0
2078,"KWI6198",1,1,0
2079,"KWI6199",1,1,0
2080,"KWK9011",1,1,0
2081,"KWK9012",1,1,0
2082,"KZF9511",1,1,0
2083,"KZF9512",1,1,0
2084,"KZF9513",1,1,0
2085,"LBD1682",1,1,0
2086,"LCC7412",1,1,0
2087,"LDE2201",1,1,0
2088,"LDE2202",1,1,0
2089,"LJF5931",1,1,0
2090,"LJF5932",1,1,0
2091,"LJF5933",1,1,0
2092,"LJF5934",1,1,0
2093,"LJF5935",1,1,0
2094,"LJF5936",1,1,0
2095,"LRS5231",1,1,0
2096,"LRS5232",1,1,0
2097,"LRS5233",1,1,0
2098,"LXK7371",1,1,0
2099,"LXK7372",1,1,0
2100,"LXQ9251",1,1,0
2101,"LXQ9252",1,1,0
2102,"LXQ9253",1,1,0
2103,"LXQ9254",1,1,0
2104,"LYJXP",1,1,0
2105,"LYS6201",1,1,0
2106,"LZI2641",1,1,0
2107,"LZI2642",1,1,0
2108,"LZI2643",1,1,0
2109,"MAT010057",1,1,0
2110,"MAT031615",1,1,0
2111,"MAT031616",1,1,0
2112,"MAT031617",1,1,0
2113,"MAT031618",1,1,0
2114,"MAT031619",1,1,0
2115,"MAT031620",1,1,0
2116,"MAT074153",1,1,0
2117,"MAT076242",1,1,0
2118,"MAT076245",1,1,0
2119,"MAT076435",1,1,0
2120,"MAT077642",1,1,0
2121,"MAT077792",1,1,0
2122,"MAT077793",1,1,0
2123,"MAT077794",1,1,0
2124,"MAT077795",1,1,0
2125,"MAT077796",1,1,0
2126,"MAT077797",1,1,0
2127,"MKK1144",1,1,0
2128,"MKK1145",1,1,0
2129,"MKK1146",1,1,0
2130,"MMN1991",1,1,0
2131,"MMN1992",1,1,0
2132,"MMN1993",1,1,0
2133,"MQU9781",1,1,0
2134,"MQU9782",1,1,0
2135,"MQU9783",1,1,0
2136,"MRP3231",1,1,0
2137,"MRP3232",1,1,0
2138,"MRP3233",1,1,0
2139,"MTN5701",1,1,0
2140,"MWY3PO",1,1,0
2141,"MYC4451",1,1,0
2142,"MYC4452",1,1,0
2143,"MYC4453",1,1,0
2144,"NAX1471",1,1,0
2145,"NAX1472",1,1,0
2146,"NAX1473",1,1,0
2147,"NBZ1541",1,1,0
2148,"NBZ1542",1,1,0
2149,"NBZ1543",1,1,0
2150,"NBZ1544",1,1,0
2151,"NFH4651",1,1,0
2152,"NFH4652",1,1,0
2153,"NGL4131",1,1,0
2154,"NGL4132",1,1,0
2155,"NGLOSC224030",1,1,0
2156,"NHZ3061",1,1,0
2157,"NHZ3062",1,1,0
2158,"NKA0251",1,1,0
2159,"NKA0252",1,1,0
2160,"NML6181",1,1,0
2161,"NML6182",1,1,0
2162,"NNE4174",1,1,0
2163,"NNE4175",1,1,0
2164,"NNE4176",1,1,0
2165,"NTA5471",1,1,0
2166,"NTA5472",1,1,0
2167,"NVY3191",1,1,0
2168,"NVY3192",1,1,0
2169,"NWD2301",1,1,0
2170,"NWD2302",1,1,0
2171,"NXH7571",1,1,0
2172,"NXH7572",1,1,0
2173,"NXH7573",1,1,0
2174,"OBB0221",1,1,0
2175,"OBB0222",1,1,0
2176,"OFR49810",1,1,0
2177,"OFR49811",1,1,0
2178,"ORB6351",1,1,0
2179,"ORB6352",1,1,0
2180,"ORB6353",1,1,0
2181,"ORNONC224120",1,1,0
2182,"OSV0821",1,1,0
2183,"OSV0822",1,1,0
2184,"OSV0823",1,1,0
2185,"OSV0824",1,1,0
2186,"OTB5051",1,1,0
2187,"OUZ4611",1,1,0
2188,"OUZ4612",1,1,0
2189,"OUZ4613",1,1,0
2190,"OZW1571",1,1,0
2191,"OZW1572",1,1,0
2192,"OZW1573",1,1,0
2193,"PCA1331",1,1,0
2194,"PCA1332",1,1,0
2195,"PCA1333",1,1,0
2196,"PET7871",1,1,0
2197,"PET7872",1,1,0
2198,"PET7873",1,1,0
2199,"PGD2271",1,1,0
2200,"PGD2272",1,1,0
2201,"PGD2273",1,1,0
2202,"PHP8191",1,1,0
2203,"PHP8192",1,1,0
2204,"PHP8193",1,1,0
2205,"PHP8194",1,1,0
2206,"PHP8195",1,1,0
2207,"PHP8196",1,1,0
2208,"PHP8197",1,1,0
2209,"PHP8198",1,1,0
2210,"PL1",1,1,0
2211,"PL2",1,1,0
2212,"PLACE01",1,1,0
2213,"PLACE1001",1,1,0
2214,"PLACE1001EF",1,1,0
2215,"PLACE1006",1,1,0
2216,"PLACE1006EF",1,1,0
2217,"PLACE1013",1,1,0
2218,"PLACE1014",1,1,0
2219,"PLACE1015",1,1,0
2220,"PLACE1016",1,1,0
2221,"PLACE1017",1,1,0
2222,"PLACE1018",1,1,0
2223,"PLACE1019",1,1,0
2224,"PLACE1020",1,1,0
2225,"PLACE1021",1,1,0
2226,"PLACE1022",1,1,0
2227,"PLACE1023",1,1,0
2228,"PLACE1024",1,1,0
2229,"PLACE1024EF",1,1,0
2230,"PLACE1025",1,1,0
2231,"PLACE1026",1,1,0
2232,"PLACE1027",1,1,0
2233,"PLACE1028",1,1,0
2234,"PLACE1029",1,1,0
2235,"PLACE1030",1,1,0
2236,"PLACE1035",1,1,0
2237,"PLACE1036",1,1,0
2238,"PLACE1037",1,1,0
2239,"PLACE1038",1,1,0
2240,"PLACE1039",1,1,0
2241,"PLACE1039EF",1,1,0
2242,"PLACE1044",1,1,0
2243,"PLACE1045",1,1,0
2244,"PLACE1046",1,1,0
2245,"PLACE1047",1,1,0
2246,"PLACE1047EF",1,1,0
2247,"PLACE195",1,1,0
2248,"PLACE196",1,1,0
2249,"PLACE197",1,1,0
2250,"PLACE198",1,1,0
2251,"PLACE199",1,1,0
2252,"PLACE1A003",1,1,0
2253,"PLACE1A004",1,1,0
2254,"PLACE1A005",1,1,0
2255,"PLACE1A006",1,1,0
2256,"PLACE1A007",1,1,0
2257,"PLACE1A101",1,1,0
2258,"PLACE1B043",1,1,0
2259,"PLACE1B044",1,1,0
2260,"PLACE1B045",1,1,0
2261,"PLACE1B046",1,1,0
2262,"PLACE1B047",1,1,0
2263,"PLACE1B048",1,1,0
2264,"PLACE1B049",1,1,0
2265,"PLACE1B050",1,1,0
2266,"PLACE1B051",1,1,0
2267,"PLACE1B052",1,1,0
2268,"PLACE1B053",1,1,0
2269,"PLACE1B054",1,1,0
2270,"PLACE1C001",1,1,0
2271,"PLACE1C002",1,1,0
2272,"PLACE1C003",1,1,0
2273,"PLACE1C004",1,1,0
2274,"PLACE1C005",1,1,0
2275,"PLACE1C006",1,1,0
2276,"PLACE1C007",1,1,0
2277,"PLACE1C008",1,1,0
2278,"PLACE1C009",1,1,0
2279,"PLACE1C010",1,1,0
2280,"PLACE1C011",1,1,0
2281,"PLACE1C012",1,1,0
2282,"PLACE1C013",1,1,0
2283,"PLACE1C014",1,1,0
2284,"PLACE1C015",1,1,0
2285,"PLACE1C016",1,1,0
2286,"PLACE1C017",1,1,0
2287,"PLACE1C018",1,1,0
2288,"PLACE1C019",1,1,0
2289,"PLACE1C020",1,1,0
2290,"PLACE1C021",1,1,0
2291,"PLACE1C022",1,1,0
2292,"PLACE1C023",1,1,0
2293,"PLACE1C024",1,1,0
2294,"PLACE1C025",1,1,0
2295,"PLACE1C026",1,1,0
2296,"PLACE1C027",1,1,0
2297,"PLACE1C028",1,1,0
2298,"PLACE1C029",1,1,0
2299,"PLACE1C030",1,1,0
2300,"PLACE1C031",1,1,0
2301,"PLACE1C032",1,1,0
2302,"PLACE1C033",1,1,0
2303,"PLACE1C034",1,1,0
2304,"PLACE1C035",1,1,0
2305,"PLACE1C111",1,1,0
2306,"PLACE1C112",1,1,0
2307,"PLACE1C113",1,1,0
2308,"PLACE1C114",1,1,0
2309,"PLACE1C115",1,1,0
2310,"PLACE1C116",1,1,0
2311,"PLACE1C117",1,1,0
2312,"PLACE1C118",1,1,0
2313,"PLACE1C119",1,1,0
2314,"PLACE1C120",1,1,0
2315,"PLACE1C121",1,1,0
2316,"PLACE1C122",1,1,0
2317,"PLACE200",1,1,0
2318,"PLACE201",1,1,0
2319,"PLACE202",1,1,0
2320,"PLACE203",1,1,0
2321,"PLACE204",1,1,0
2322,"PLACE205",1,1,0
2323,"PLACE206",1,1,0
2324,"PLACE207",1,1,0
2325,"PLACE208",1,1,0
2326,"PLACE209",1,1,0
2327,"PLACE210",1,1,0
2328,"PLACE211",1,1,0
2329,"PLACE212",1,1,0
2330,"PLACE213",1,1,0
2331,"PLACE214",1,1,0
2332,"PLACE215",1,1,0
2333,"PLACE216",1,1,0
2334,"PLACE217",1,1,0
2335,"PLACE218",1,1,0
2336,"PLACE219",1,1,0
2337,"PLACE220",1,1,0
2338,"PLACE221",1,1,0
2339,"PLACE222",1,1,0
2340,"PLACE223",1,1,0
2341,"PLACE224",1,1,0
2342,"PLACE225",1,1,0
2343,"PLACE226",1,1,0
2344,"PLACE227",1,1,0
2345,"PLACE228",1,1,0
2346,"PLACE229",1,1,0
2347,"PLACE230",1,1,0
2348,"PLACE231",1,1,0
2349,"PLACE232",1,1,0
2350,"PLACE233",1,1,0
2351,"PLACE234",1,1,0
2352,"PLACE235",1,1,0
2353,"PLACE236",1,1,0
2354,"PLACE237",1,1,0
2355,"PLACE238",1,1,0
2356,"PLACE239",1,1,0
2357,"PLACE240",1,1,0
2358,"PLACE241",1,1,0
2359,"PLACE242",1,1,0
2360,"PLACE243",1,1,0
2361,"PLACE244",1,1,0
2362,"PLACE245",1,1,0
2363,"PLACE246",1,1,0
2364,"PLACE247",1,1,0
2365,"PLACE248",1,1,0
2366,"PLACE249",1,1,0
2367,"PLACE250",1,1,0
2368,"PLACE251",1,1,0
2369,"PLACE252",1,1,0
2370,"PLACE253",1,1,0
2371,"PLACE254",1,1,0
2372,"PLACE255",1,1,0
2373,"PLACE256",1,1,0
2374,"PLACE257",1,1,0
2375,"PLACE258",1,1,0
2376,"PLACE259",1,1,0
2377,"PLACE260",1,1,0
2378,"PLACE261",1,1,0
2379,"PLACE262",1,1,0
2380,"PLACE263",1,1,0
2381,"PLACE264",1,1,0
2382,"PLACE265",1,1,0
2383,"PLACE266",1,1,0
2384,"PLACE267",1,1,0
2385,"PLACE268",1,1,0
2386,"PLACE269",1,1,0
2387,"PLACE270",1,1,0
2388,"PLACE271",1,1,0
2389,"PLACE272",1,1,0
2390,"PLACE273",1,1,0
2391,"PLACE274",1,1,0
2392,"PLACE275",1,1,0
2393,"PLACE276",1,1,0
2394,"PLACE277",1,1,0
2395,"PLACE278",1,1,0
2396,"PLACE279",1,1,0
2397,"PLACE280",1,1,0
2398,"PLACE281",1,1,0
2399,"PLACE282",1,1,0
2400,"PLACE283",1,1,0
2401,"PLACE284",1,1,0
2402,"PLACE285",1,1,0
2403,"PLACE286",1,1,0
2404,"PLACE287",1,1,0
2405,"PLACE288",1,1,0
2406,"PLACE289",1,1,0
2407,"PLACE290",1,1,0
2408,"PLACE291",1,1,0
2409,"PLACE292",1,1,0
2410,"PLACE293",1,1,0
2411,"PLACE294",1,1,0
2412,"PLACE295",1,1,0
2413,"PLACE296",1,1,0
2414,"PLACE297",1,1,0
2415,"PLACE298",1,1,0
2416,"PLACE299",1,1,0
2417,"PLACE300",1,1,0
2418,"PLACE301",1,1,0
2419,"PLACE302",1,1,0
2420,"PLACE303",1,1,0
2421,"PLACE304",1,1,0
2422,"PLACE305",1,1,0
2423,"PLACE306",1,1,0
2424,"PLACE307",1,1,0
2425,"PLACE308",1,1,0
2426,"PLACE309",1,1,0
2427,"PLACE310",1,1,0
2428,"PLACE311",1,1,0
2429,"PLACE312",1,1,0
2430,"PLACE313",1,1,0
2431,"PLACE314",1,1,0
2432,"PLACE315",1,1,0
2433,"PLACE316",1,1,0
2434,"PLACE317",1,1,0
2435,"PLACE318",1,1,0
2436,"PLACE319",1,1,0
2437,"PLACE320",1,1,0
2438,"PLACE321",1,1,0
2439,"PLACE322",1,1,0
2440,"PLACE323",1,1,0
2441,"PLACE324",1,1,0
2442,"PLACE325",1,1,0
2443,"PLACE326",1,1,0
2444,"PLACE327",1,1,0
2445,"PLACE328",1,1,0
2446,"PLACE329",1,1,0
2447,"PLACE330",1,1,0
2448,"PLACE331",1,1,0
2449,"PLACE332",1,1,0
2450,"PLACE333",1,1,0
2451,"PLACE334",1,1,0
2452,"PLACE335",1,1,0
2453,"PLACE336",1,1,0
2454,"PLACE337",1,1,0
2455,"PLACE338",1,1,0
2456,"PLACE339",1,1,0
2457,"PLACE340",1,1,0
2458,"PLACE341",1,1,0
2459,"PLACE342",1,1,0
2460,"PLACE343",1,1,0
2461,"PLACE344",1,1,0
2462,"PLACE345",1,1,0
2463,"PLACE346",1,1,0
2464,"PLACE347",1,1,0
2465,"PLACE348",1,1,0
2466,"PLACE349",1,1,0
2467,"PLACE350",1,1,0
2468,"PLACE351",1,1,0
2469,"PLACE352",1,1,0
2470,"PLACE353",1,1,0
2471,"PLACE354",1,1,0
2472,"PLACE355",1,1,0
2473,"PLACE356",1,1,0
2474,"PLACE357",1,1,0
2475,"PLACE358",1,1,0
2476,"PLACE359",1,1,0
2477,"PLACE360",1,1,0
2478,"PLACE361",1,1,0
2479,"PLACE362",1,1,0
2480,"PLACE363",1,1,0
2481,"PLACE364",1,1,0
2482,"PLACE4009",1,1,0
2483,"PLACE4009EF",1,1,0
2484,"PLACE4010",1,1,0
2485,"PLACE4011",1,1,0
2486,"PLACE4011EF",1,1,0
2487,"PLACE4012",1,1,0
2488,"PLACE4013",1,1,0
2489,"PLACE4013EF",1,1,0
2490,"PLACE4014",1,1,0
2491,"PLACE4015",1,1,0
2492,"PLO2131",1,1,0
2493,"PLO2132",1,1,0
2494,"PLO2133",1,1,0
2495,"PPS5722",1,1,0
2496,"PRYSBJ",1,1,0
2497,"PTS1681",1,1,0
2498,"PTS1683",1,1,0
2499,"PZW7671",1,1,0
2500,"PZW7672",1,1,0
2501,"PZW7673",1,1,0
2502,"QAGFL",1,1,0
2503,"QAH0361",1,1,0
2504,"QAH0362",1,1,0
2505,"QAH0363",1,1,0
2506,"QAH0364",1,1,0
2507,"QAH0365",1,1,0
2508,"QAH0366",1,1,0
2509,"QAH0367",1,1,0
2510,"QAH0368",1,1,0
2511,"QBMDJ",1,1,0
2512,"QCRXN",1,1,0
2513,"QHI5031",1,1,0
2514,"QHI5032",1,1,0
2515,"QPHHX8",1,1,0
2516,"QUM5391",1,1,0
2517,"QUM5392",1,1,0
2518,"RKC7741",1,1,0
2519,"RWMUM",1,1,0
2520,"SDR7101",1,1,0
2521,"SVP2801",1,1,0
2522,"SVP2802",1,1,0
2523,"SVP2803",1,1,0
2524,"SWF6301",1,1,0
2525,"SYG0701",1,1,0
2526,"SZA1564",1,1,0
2527,"SZA1565",1,1,0
2528,"SZA1566",1,1,0
2529,"T222KWAC",1,1,0
2530,"TAJ0301",1,1,0
2531,"TMK8601",1,1,0
2532,"TMK8602",1,1,0
2533,"TMK8603",1,1,0
2534,"TMK8604",1,1,0
2535,"TMP6601",1,1,0
2536,"TMP6602",1,1,0
2537,"TMZ8251",1,1,0
2538,"TSZ9611",1,1,0
2539,"TTM8841",1,1,0
2540,"TTM8842",1,1,0
2541,"TZE2131",1,1,0
2542,"TZE2132",1,1,0
2543,"TZE2133",1,1,0
2544,"TZE2134",1,1,0
2545,"TZO1541",1,1,0
2546,"TZO1542",1,1,0
2547,"TZP6771",1,1,0
2548,"TZP6772",1,1,0
2549,"UABBT54",1,1,0
2550,"UCG3381",1,1,0
2551,"UCG3382",1,1,0
2552,"UJV8411",1,1,0
2553,"UJV8412",1,1,0
2554,"UJZ6721",1,1,0
2555,"UJZ6722",1,1,0
2556,"UJZ6723",1,1,0
2557,"UNK5054",1,1,0
2558,"UNK5055",1,1,0
2559,"UNK5056",1,1,0
2560,"URG6402",1,1,0
2561,"URG6403",1,1,0
2562,"URG6404",1,1,0
2563,"URG6405",1,1,0
2564,"UUV9911",1,1,0
2565,"UWM1681",1,1,0
2566,"UWM1682",1,1,0
2567,"UZI3211",1,1,0
2568,"UZI3212",1,1,0
2569,"VCX2601",1,1,0
2570,"VCX2602",1,1,0
2571,"VCX2603",1,1,0
2572,"VCX2604",1,1,0
2573,"VFK7341",1,1,0
2574,"VFK7342",1,1,0
2575,"VFK7343",1,1,0
2576,"VHCQS",1,1,0
2577,"VHR1111",1,1,0
2578,"VHR1112",1,1,0
2579,"VLWXX",1,1,0
2580,"VOGLANS1",1,1,0
2581,"VOGLANS2",1,1,0
2582,"VQD3041",1,1,0
2583,"VQD3042",1,1,0
2584,"VQD3043",1,1,0
2585,"VQD3044",1,1,0
2586,"VUD2331",1,1,0
2587,"VUZ0331",1,1,0
2588,"VUZ0332",1,1,0
2589,"VVJ9511",1,1,0
2590,"VVJ9512",1,1,0
2591,"VVJ9513",1,1,0
2592,"VVJ9514",1,1,0
2593,"VXA2341",1,1,0
2594,"VXA2343",1,1,0
2595,"VZL2571",1,1,0
2596,"WCN5681",1,1,0
2597,"WCN5682",1,1,0
2598,"WCN5683",1,1,0
2599,"WCN5684",1,1,0
2600,"WFH5931",1,1,0
2601,"WGC3161",1,1,0
2602,"WGC3162",1,1,0
2603,"WGC3163",1,1,0
2604,"WGC3164",1,1,0
2605,"WGC3165",1,1,0
2606,"WGC3166",1,1,0
2607,"WGC3167",1,1,0
2608,"WGC3168",1,1,0
2609,"WGC8091",1,1,0
2610,"WGC8092",1,1,0
2611,"WIV5281",1,1,0
2612,"WIV5282",1,1,0
2613,"WIV5283",1,1,0
2614,"WLX9664",1,1,0
2615,"WLX9665",1,1,0
2616,"WLX9666",1,1,0
2617,"WLX9667",1,1,0
2618,"WLX9668",1,1,0
2619,"WLX9669",1,1,0
2620,"WNB5371",1,1,0
2621,"WNB5372",1,1,0
2622,"WNB5373",1,1,0
2623,"WNJ4871",1,1,0
2624,"WNJ4872",1,1,0
2625,"WNJ4873",1,1,0
2626,"WNJ4874",1,1,0
2627,"WNJ4875",1,1,0
2628,"WNJ4876",1,1,0
2629,"WNJ4877",1,1,0
2630,"WNJ4878",1,1,0
2631,"WNK7901",1,1,0
2632,"WNK7902",1,1,0
2633,"WNK7903",1,1,0
2634,"WNM8241",1,1,0
2635,"WNM8242",1,1,0
2636,"WOX1471",1,1,0
2637,"WOX1472",1,1,0
2638,"WPB4761",1,1,0
2639,"WPB4762",1,1,0
2640,"WPB4763",1,1,0
2641,"WPL0971",1,1,0
2642,"WPL0972",1,1,0
2643,"WPL0973",1,1,0
2644,"WSF9752",1,1,0
2645,"WTP1391",1,1,0
2646,"WTP1392",1,1,0
2647,"WTP1393",1,1,0
2648,"WZO7641",1,1,0
2649,"WZO7642",1,1,0
2650,"WZO7643",1,1,0
2651,"X",1,1,0
2652,"XDK9041",1,1,0
2653,"XDK9042",1,1,0
2654,"XDK9043",1,1,0
2655,"XDK9044",1,1,0
2656,"XDK9045",1,1,0
2657,"XDK9046",1,1,0
2658,"XDK9047",1,1,0
2659,"XDK9048",1,1,0
2660,"XFA6421",1,1,0
2661,"XFA6422",1,1,0
2662,"XFA6423",1,1,0
2663,"XFA6424",1,1,0
2664,"XJM0501",1,1,0
2665,"XJM0502",1,1,0
2666,"XJM0503",1,1,0
2667,"XJM0504",1,1,0
2668,"XKZ7651",1,1,0
2669,"XME3591",1,1,0
2670,"XNA5791",1,1,0
2671,"XNA5793",1,1,0
2672,"XNK3711",1,1,0
2673,"XNK3712",1,1,0
2674,"XNK3713",1,1,0
2675,"XUX6611",1,1,0
2676,"XX",1,1,0
2677,"XXX",1,1,0
2678,"XYW7184",1,1,0
2679,"XYW7185",1,1,0
2680,"XYW7186",1,1,0
2681,"XYY1651",1,1,0
2682,"XZC8221",1,1,0
2683,"XZD2071",1,1,0
2684,"YAV5061",1,1,0
2685,"YAY1701",1,1,0
2686,"YAY1702",1,1,0
2687,"YAY1703",1,1,0
2688,"YFV2074",1,1,0
2689,"YFV2075",1,1,0
2690,"YFV2076",1,1,0
2691,"YFX8151",1,1,0
2692,"YFX8152",1,1,0
2693,"YFX8153",1,1,0
2694,"YGZ5311",1,1,0
2695,"YGZ5312",1,1,0
2696,"YIA9261",1,1,0
2697,"YIA9262",1,1,0
2698,"YIR2291",1,1,0
2699,"YJV2574",1,1,0
2700,"YJV2575",1,1,0
2701,"YJV2576",1,1,0
2702,"YKP1921",1,1,0
2703,"YKP1922",1,1,0
2704,"YKP1923",1,1,0
2705,"YKP1924",1,1,0
2706,"YKP1925",1,1,0
2707,"YKP1926",1,1,0
2708,"YKP1928",1,1,0
2709,"YNC9971",1,1,0
2710,"YXV6131",1,1,0
2711,"YXV6132",1,1,0
2712,"ZAPZPR292768",1,1,0
2713,"ZAPZPR292769",1,1,0
2714,"ZFEJE",1,1,0
2715,"ZJD7781",1,1,0
2716,"ZJD7782",1,1,0
2717,"ZMT0061",1,1,0
2718,"ZMU8571",1,1,0
2719,"ZMU8572",1,1,0
2720,"ZPM3991",1,1,0
2721,"ZPM3992",1,1,0
2722,"ZPM3993",1,1,0
2723,"ZSO8882",1,1,0
2724,"ZSO8883",1,1,0
2725,"ZSO8884",1,1,0
2726,"ZSO8885",1,1,0
2727,"ZST4421",1,1,0
2728,"ZST4422",1,1,0
2729,"ZST4423",1,1,0
2730,"ZST4424",1,1,0
2731,"ZYZ9771",1,1,0
2732,"ZYZ9773",1,1,0
2733,"ZZZ5983",1,1,0
2734,"ZZZ5984",1,1,0
2735,"ZZZ5985",1,1,0
2736,"ZZZ5986",1,1,0
